id,domain,status,purchase_price,renewal_price,attractiveness,demand,length,registrar,created_at,expires_at,status_verified_at
691ed81a-eb26-407d-9e5c-fb518237ddda,figured.design,available,12.98,68.98,high,low,7,namecheap,,,18/08/2026 04:00
3bf71571-e985-47fc-b8de-726c91179594,antiseptic.design,available,58.49,58.49,high,low,10,namesilo,,,22/09/2026 06:54
f25a68f4-eef8-4fb7-b926-395d152a5de0,synaptic.design,available,3.99,58.49,high,low,8,namesilo,,,11/09/2026 06:09
247df70a-ee07-4785-a2f6-f54038feee86,paxton.design,available,58.49,58.49,medium,low,6,namesilo,,,28/09/2026 14:39
e7c7a206-da8e-41aa-a971-662958d2cbf0,classical.design,premium,162.5,325,high,low,9,namecheap,,,12/08/2026 09:42
39015092-dc72-48d6-b5ea-d39f0e00efe7,pyretic.design,available,3.99,58.49,medium,low,7,namesilo,,,09/09/2026 07:03
1917d40b-db64-4ddd-9f1f-345c4c34b6ff,closely.design,available,2.79,46.78,medium,low,7,spaceship,,,28/09/2026 14:00
e226cc72-0361-4d3c-947b-0307867240cf,unavailable.design,available,2.79,46.78,medium,low,11,spaceship,,,29/09/2026 03:22
0a1b90e7-ad2f-4985-ba3d-b1600e914707,bowfin.design,available,12.98,68.98,medium,low,6,namecheap,,,18/09/2026 21:19
5e6c5595-851d-4ffe-a01b-cc9d810820d8,rode.design,available,58.49,58.49,medium,low,4,namesilo,,,28/09/2026 11:10
74ea506b-224d-4610-967a-f1fcef156a1e,barye.design,available,58.49,58.49,medium,low,5,namesilo,,,22/09/2026 03:48
62fa84d6-f9e9-4e97-995d-24cab1956ec7,commode.design,available,3.99,58.49,high,medium,7,namesilo,,,09/09/2026 00:51
a343b6be-cb57-4369-a80a-d1c6f359470c,anaerobe.design,available,58.49,58.49,medium,low,8,namesilo,,,19/09/2026 01:18
0c7abeab-5544-488b-a48f-b732b953f566,honeyed.design,available,3.98,68.98,medium,low,7,namecheap,,,21/08/2026 13:23
fea6c8b8-b795-4a61-a543-8e4bbabc4dfc,cationic.design,available,12.98,68.98,medium,low,8,namecheap,,,11/08/2026 22:07
d6e89455-1e5c-4087-ad57-956e81e0603f,pillow.design,premium,116,116,high,low,6,namesilo,,,28/09/2026 02:55
7dd587ff-5243-4202-a00e-5d17f2337fe6,act.design,premium,273.44,273.44,high,medium,3,porkbun,,,28/09/2026 18:03
0a0464be-1391-4858-9148-5abd58e8a7e5,charitably.design,available,12.98,68.98,medium,low,10,namecheap,,,14/09/2026 06:19
32038831-a6db-4edf-a37e-8d3af05a4fc2,atlantic.design,premium,162.5,325,high,low,8,namecheap,,,07/08/2026 13:38
c2f0bead-76fc-4db3-bfe6-f3a621c8f487,actaea.design,available,58.49,58.49,medium,low,6,namesilo,,,17/09/2026 04:11
6a7c74e3-3f3d-41dc-8407-ae5761c32908,univocal.design,available,3.99,58.49,medium,low,8,namesilo,,,12/09/2026 09:15
6367d888-91b1-46c9-afd0-87436654f4fa,claptrap.design,available,58.49,58.49,medium,low,8,namesilo,,,24/09/2026 03:39
ce3f3d8b-b093-4976-ba0e-cc608d156038,liter.design,available,3.98,68.98,high,medium,5,namecheap,,,22/08/2026 17:07
e092e83f-1763-4b6c-8363-90fd4f096551,edges.design,available,2.79,46.78,medium,low,5,spaceship,,,28/09/2026 22:54
9ddfc3e0-97e3-4e68-9080-d4d06e92230f,shortfall.design,available,19.99,,medium,low,9,name.com,,,
83b8b97e-24fa-4d3d-84cf-25b48e4830ef,pak.design,premium,302.5,302.5,high,low,3,namesilo,,,28/09/2026 03:33
90417a6a-32b1-4cfe-9632-d9121a26a43f,afloat.design,available,19.99,,high,low,6,name.com,,,
3e565ad6-42e7-43ad-97ac-07eafe0e0941,recognised.design,available,12.98,68.98,high,low,10,namecheap,,,21/09/2026 15:30
5e6ab167-8248-4405-a32f-31c13ef90d07,facilitate.design,available,19.99,,high,low,10,name.com,,,
1675082a-670b-49f0-8d17-c36bd27f002f,kidnapping.design,available,3.98,68.98,medium,low,10,namecheap,,,25/09/2026 08:11
849e660c-54d5-45b6-a5f8-243fd6cc829a,freed.design,available,2.79,46.78,medium,low,5,spaceship,,,29/09/2026 05:07
0adbe8ce-1f3c-4fe8-8fc1-e48fd4a5360a,editing.design,available,2.79,46.78,high,low,7,spaceship,,,28/09/2026 13:57
b59aa06f-4c81-4407-9bfd-dbba7c80106a,diner.design,available,45.2,45.2,high,low,5,cloudflare,,,29/09/2026 05:07
c1af9fd4-2fab-4b43-8597-12faf3848574,tahitian.design,premium,116,116,high,low,8,namesilo,,,11/09/2026 07:06
0b4b7211-d190-493f-8953-fa8ff429abc3,caffeine.design,available,58.49,58.49,high,low,8,namesilo,,,24/09/2026 11:38
37baf0ff-9171-4c64-9729-30ec6360eaff,hurry.design,available,45.2,45.2,high,low,5,cloudflare,,,27/09/2026 17:14
cef2a386-29bd-404a-bd3e-c0b7c1e46916,undying.design,available,19.99,80.99,medium,low,7,name.com,,,13/08/2026 20:04
2dda5c86-3bce-4d27-8c34-41e34d820a36,eastbound.design,available,12.98,68.98,high,low,9,namecheap,,,14/08/2026 22:50
42aba039-46b8-427e-b230-bcc1a3203601,louisiana.design,premium,302.5,302.5,high,low,9,namesilo,,,28/09/2026 10:17
59d8597c-45bd-44c9-be9e-59ddd515c3d7,obsession.design,premium,302.5,302.5,high,low,9,namesilo,,,28/09/2026 02:30
f3f17938-e15b-43c1-ae01-fb3525c48b25,planar.design,available,3.99,58.49,high,low,6,namesilo,,,08/09/2026 20:37
5339638c-3770-446f-adc0-546a279531ee,grandfather.design,available,19.99,,high,low,11,name.com,,,
f818bee4-96fa-4e02-84ab-7b5c87d33786,adige.design,available,58.49,58.49,medium,low,5,namesilo,,,17/09/2026 08:16
3551ffdc-9cf1-450a-8c02-61b2abe11545,nam.design,premium,130,130,high,low,3,namecheap,,,28/09/2026 16:26
c0a8a099-ff4a-46cb-ba78-dd553a064847,acned.design,available,3.98,68.98,low,low,5,namecheap,,,
e51d6f25-7f39-4bc7-892b-a31da36fd7b0,activewear.design,premium,130,130,high,low,10,namecheap,,,17/09/2026 05:14
d9d4d705-d34d-4cf0-a8fb-cde46ff3a811,donkey.design,available,19.99,,high,low,6,name.com,,,
dd6015a8-778c-4a11-9467-aa66b5451570,cocks.design,available,58.49,58.49,medium,low,5,namesilo,,,18/09/2026 23:39
cdf19ebb-95a6-4f13-9323-ef21eb8b8456,multiple.design,resell,,,high,low,8,"Spaceship, Inc.",07/07/2026 13:30,07/07/2027 13:30,26/09/2026 07:40
20203a5e-c268-4c4d-aff3-1c7964101775,deadline.design,resell,,,high,low,8,"Spaceship, Inc.",14/04/2026 13:50,14/04/2027 13:50,26/09/2026 05:26
48003676-7359-4b4a-bc7f-69ad72bf3a64,baloney.design,available,58.49,58.49,medium,low,7,namesilo,,,21/09/2026 23:43
f61bab7e-2933-4bfa-8e35-9fced6e0f1a1,requested.design,available,2.79,46.78,high,low,9,spaceship,,,27/09/2026 12:02
6973c993-12ca-4c1a-86b3-7fc43967f59d,cephalopod.design,available,12.98,68.98,medium,low,10,namecheap,,,12/08/2026 00:21
67649920-6ec0-4c53-84bf-e240e803f612,nonporous.design,available,12.98,68.98,medium,low,9,namecheap,,,03/09/2026 20:18
a25fe23d-b8f7-45a3-a539-650cd867facc,variform.design,available,3.99,58.49,medium,low,8,namesilo,,,13/09/2026 01:22
32378352-b386-40e3-b3e9-c202f98d95e0,marbled.design,available,3.98,68.98,high,low,7,namecheap,,,24/08/2026 15:47
08da916a-26f7-4671-a710-38d64c268b67,prevent.design,available,19.99,,high,low,7,name.com,,,
0f801c25-5f15-4b72-85bc-4f776ca3c541,anabolic.design,available,3.98,68.98,medium,low,8,namecheap,,,
d2b29347-583e-4cc4-ac78-a11b88b53881,exuberant.design,available,12.98,68.98,high,low,9,namecheap,,,14/08/2026 23:21
989b45ef-d3b7-4f8f-b2e5-d6fe16991c9a,notional.design,available,12.98,68.98,high,low,8,namecheap,,,12/08/2026 20:01
8749e786-0af3-4e63-b9af-4f8f82df7e75,kuhn.design,premium,250.5,,high,low,4,unstoppable,,,28/09/2026 02:14
8ef95be5-d852-4cde-9224-7ce9760b93d9,unsealed.design,available,12.98,68.98,medium,low,8,namecheap,,,12/09/2026 19:07
54fad1b3-653c-4f23-a0c7-cb08dc59100a,alnico.design,available,58.49,58.49,medium,low,6,namesilo,,,18/09/2026 12:50
a1edc526-922f-45bf-a4de-eaf9c05ec3f7,remarks.design,available,58.49,58.49,medium,low,7,namesilo,,,18/09/2026 03:12
7a7e0892-2f64-43af-a10b-8384e3dc7249,greeks.design,available,58.49,58.49,medium,low,6,namesilo,,,28/09/2026 22:45
513962c5-450e-48cf-96f4-1d1d9b1043cc,overriding.design,available,3.99,58.49,high,low,10,namesilo,,,04/09/2026 21:39
b5e6f67d-39ee-43c9-9dbe-7f49cd265d65,goldman.design,premium,302.5,302.5,high,low,7,namesilo,,,25/09/2026 05:32
963ee84b-6782-44d7-a877-0a99e118d671,criminals.design,available,19.99,80.99,low,low,9,name.com,,,27/09/2026 03:03
11e05af9-8386-47bc-a1f5-579ea5b0c7d3,tapped.design,available,3.99,58.49,high,low,6,namesilo,,,11/09/2026 08:19
83f27a8a-758e-4892-8ca1-59759038b6a8,wonders.design,resell,,,high,low,7,Sav.com LLC,19/05/2026 19:20,19/05/2027 19:20,26/09/2026 10:12
3596146a-e1f5-42ee-98ef-3a8055aff255,successfully.design,available,19.99,,high,low,12,name.com,,,
e23c8c12-0191-41ee-bfdc-a23f616aae88,pans.design,available,58.49,58.49,medium,low,4,namesilo,,,18/09/2026 08:22
75635271-ef6c-4741-b6e2-42da30c6a16d,possessions.design,available,59.5,,low,low,11,unstoppable,,,28/09/2026 17:10
be8d1ee0-9f21-4ec0-abde-63b520044968,gravely.design,available,3.99,58.49,medium,low,7,namesilo,,,13/09/2026 23:09
c905242d-029e-4fa0-a212-5f6ad9c11b43,egotistic.design,available,12.98,68.98,medium,low,9,namecheap,,,12/08/2026 19:55
cd117dce-1f27-4ef5-94ac-0086e125f03e,unspaced.design,available,12.98,68.98,medium,low,8,namecheap,,,12/09/2026 20:24
27eb9eee-5137-4b81-8b8b-e1e6b67e1d5f,finical.design,available,12.98,68.98,medium,low,7,namecheap,,,18/08/2026 04:56
97f8cacc-ca2c-47a6-b027-358926dcf463,exploring.design,available,2.79,46.78,high,low,9,spaceship,,,28/09/2026 15:59
7b8cea0d-ae79-4d18-96bf-393563e8e5fd,bifid.design,available,12.98,68.98,medium,low,5,namecheap,,,09/08/2026 19:59
5f398638-2c7a-44df-a777-cb607f0f4efb,sweetener.design,available,58.49,58.49,high,low,9,namesilo,,,21/09/2026 19:45
90a43dee-d9ad-4d85-8817-a44e07636c0e,dysphoric.design,available,12.98,68.98,medium,low,9,namecheap,,,14/08/2026 22:07
1760acb4-a8f1-4126-affb-c55502b8d997,masses.design,available,19.99,,high,low,6,name.com,,,
ffd5e172-f041-4b0b-be90-517944d115f0,mitigated.design,available,3.98,68.98,medium,low,9,namecheap,,,25/08/2026 02:06
dd62ad28-5879-4eff-9309-2a106d045c44,rostrate.design,available,12.98,68.98,high,medium,8,namecheap,,,09/09/2026 18:45
d9feb6f4-bf71-4485-bf3e-d043c8be2994,maunder.design,available,58.49,58.49,medium,low,7,namesilo,,,23/09/2026 23:31
dbc29746-2ea3-4096-8a79-1c07bc888245,removable.design,available,3.99,58.49,medium,low,9,namesilo,,,03/09/2026 23:44
61a6b2fc-9d95-4dbe-9bfc-68223ebb552d,lashing.design,available,3.98,68.98,medium,low,7,namecheap,,,22/08/2026 20:10
4d0edb94-bbac-4c4d-8520-8629eeca404f,annotating.design,available,58.49,58.49,medium,low,10,namesilo,,,19/09/2026 10:41
69d2d02f-de41-453e-9bd4-bbd22ae248df,tilefish.design,available,58.49,58.49,medium,low,8,namesilo,,,24/09/2026 04:04
88c998e8-6069-4a50-96d3-f60fef02ffa7,marquette.design,available,58.49,58.49,high,low,9,namesilo,,,25/09/2026 07:53
4608cfdd-5da6-4ccb-8894-52783c3d2c45,unflagging.design,available,3.98,68.98,medium,low,10,namecheap,,,22/08/2026 02:31
d8b0aca0-0946-45e8-b45a-7138b543b624,astreus.design,available,58.49,58.49,medium,low,7,namesilo,,,20/09/2026 17:34
36bdb900-14ca-44bc-9e26-df61241ad3f5,balcony.design,available,12.98,68.98,high,low,7,namecheap,,,21/09/2026 21:28
6792ef48-ff08-46ee-ae4d-eb1c80bfa4e8,complaint.design,available,58.49,58.49,high,low,9,namesilo,,,25/09/2026 07:37
2fd1a66b-9c89-411c-bfbf-3b7a974a8f73,ricardo.design,premium,302.5,302.5,high,low,7,namesilo,,,25/09/2026 04:47
62eecab9-14dd-4047-813b-48a4e76f2066,bacterium.design,available,58.49,58.49,medium,low,9,namesilo,,,21/09/2026 16:30
432bc535-4329-45b0-8a17-4f32e865edda,bemused.design,available,12.98,68.98,medium,low,7,namecheap,,,07/08/2026 11:47
d2f43555-37f7-4cd8-8269-176283455758,settings.design,available,58.49,58.49,medium,low,8,namesilo,,,17/09/2026 13:18
2826ef39-46f2-44f8-888c-1afcab0922b2,americas.design,available,3.99,58.49,high,low,8,namesilo,,,
e7c13807-fc39-4bd1-893b-f69afffb3137,trilled.design,available,4.99,80.99,medium,low,7,name.com,,,09/09/2026 18:19
af2cd07a-d9df-4035-a57d-1b4606ff393a,soccer.design,premium,2000.5,,high,low,6,unstoppable,,,28/09/2026 22:49
0323e567-5927-4966-a9e0-8d7abfc7485e,stael.design,available,58.49,58.49,medium,low,5,namesilo,,,22/09/2026 07:38
ead6782a-f394-4b0f-b923-73631bafd5d9,laurent.design,premium,832,832,medium,low,7,namesilo,,,27/09/2026 09:55
e54d548e-3824-4401-ab4f-3b555a1351bf,opt.design,premium,116,116,high,low,3,namesilo,,,
4ae87a22-e799-4c05-ba50-1fa720f2215d,humdrum.design,available,3.98,68.98,medium,low,7,namecheap,,,21/08/2026 15:05
22fd0092-b183-42ec-9eb1-dd3b548304c5,autogiro.design,available,58.49,58.49,medium,low,8,namesilo,,,21/09/2026 06:22
7078df98-2c5d-4fa5-96d3-c9f86c296fad,commentate.design,available,19.99,,high,low,10,name.com,,,
e0280c11-a4f9-41fd-8ab8-8e5f927f9f80,guthrie.design,available,58.49,58.49,high,low,7,namesilo,,,25/09/2026 06:47
c9547647-ffe8-4dec-9098-1b4e5bff7086,sinhala.design,available,3.99,58.49,high,medium,7,namesilo,,,10/09/2026 08:20
e8750af0-2605-46aa-a05e-6e5efdbfe898,ovular.design,available,3.99,58.49,medium,low,6,namesilo,,,04/09/2026 22:12
1d7d9426-3c27-41f6-a552-8eade0a85089,seized.design,available,4.99,,medium,low,6,name.com,,,
849103ea-94ea-435d-913b-9ec8b1bb4705,arsenide.design,available,58.49,58.49,medium,low,8,namesilo,,,20/09/2026 09:41
f8e16d5c-06cd-48bb-819c-22a05d2ad66b,upward.design,resell,19.99,,high,low,6,name.com,,,28/09/2026 09:54
753ebea1-4f5d-4d8d-b3d5-3ffe10e2195f,forgo.design,available,12.98,68.98,high,low,5,namecheap,,,18/08/2026 11:51
383b254f-20c5-465c-bda4-35a0a2dcf999,litigate.design,available,12.98,68.98,medium,low,8,namecheap,,,17/09/2026 05:06
952b2005-7280-4856-8e69-d2d074942be6,hemp.design,premium,832,832,high,low,4,namesilo,,,24/09/2026 12:04
b3cfef66-e99a-4e20-9672-820eec93c007,isothermic.design,available,3.98,68.98,medium,low,10,namecheap,,,22/08/2026 11:24
0a689bea-4126-4db5-aa66-5e9d447b84d0,slaphappy.design,available,12.98,68.98,medium,low,9,namecheap,,,14/08/2026 05:04
84f20415-9526-4d12-8743-9732dbff23fe,somesing.design,available,3.99,58.49,medium,low,8,namesilo,,,
e146291f-811a-4a2e-acf2-eb9ae7a240a5,coats.design,available,58.49,58.49,high,low,5,namesilo,,,17/09/2026 00:23
d3bc16e0-d093-4f92-9360-0e4e5d2f5b43,excuse.design,available,58.49,58.49,high,low,6,namesilo,,,25/09/2026 22:39
7e3faefe-42d7-4b4d-ad87-2cb240459b5e,sidelong.design,available,12.98,68.98,medium,low,8,namecheap,,,07/08/2026 03:26
78481254-fe81-4595-9ba6-de630b3b4995,navy.design,premium,812.5,,high,low,4,name.com,,,
02aa877c-ab59-4dfc-a725-4ef057b37942,toothy.design,available,3.99,58.49,medium,low,6,namesilo,,,11/09/2026 17:20
427058cf-1c84-4ea9-b523-321b652025a8,volunteering.design,available,58.49,58.49,high,low,12,namesilo,,,17/09/2026 09:33
69b623db-eaa6-4f8d-9f4a-e07290e84850,swastika.design,available,19.99,,medium,low,8,name.com,,,
1d39665d-a2a2-4b28-a440-5faafd6fc92e,shrunken.design,available,3.99,58.49,high,medium,8,namesilo,,,10/09/2026 06:58
bb0d4c49-ec98-4fc1-be53-9ebda0d942b7,overfull.design,available,3.98,68.98,medium,low,8,namecheap,,,20/08/2026 15:31
1c8c1474-a0b7-4952-abd8-d3fbcd20ac09,cantala.design,available,12.98,68.98,medium,low,7,namecheap,,,17/09/2026 16:42
64e8c45e-672f-4061-9b93-72b47968a00a,seemly.design,available,12.98,68.98,medium,low,6,namecheap,,,09/08/2026 06:27
ffb5b42b-0efb-4783-8093-1f2294e89feb,deal.design,premium,832,832,high,low,4,namesilo,,,19/09/2026 16:06
3a211c32-0503-4085-86d0-1ced840688e2,funds.design,resell,,,high,low,5,Dynadot Inc,19/01/2026 22:03,19/01/2027 22:03,26/09/2026 06:17
37b5534c-1a56-4405-ac44-73012551a1fd,castled.design,available,12.98,68.98,medium,low,7,namecheap,,,11/08/2026 20:28
5d522ea7-0ce4-4768-95a1-77bfc819e88a,randy.design,premium,65,130,medium,low,5,namecheap,,,21/08/2026 14:08
e05cd524-9015-423a-b4f4-f01e180cff19,nonwhite.design,available,19.99,80.99,medium,low,9,name.com,,,13/08/2026 18:06
0b641530-1dcd-4489-9990-82c7a488aeef,aquifer.design,available,58.49,58.49,medium,low,7,namesilo,,,19/09/2026 23:11
b765dc27-5996-4471-ab0f-abba9d69d644,fermium.design,available,58.49,58.49,medium,low,7,namesilo,,,20/09/2026 21:55
517b1e81-61a4-4370-958e-f0475068ef59,schoenberg.design,available,58.49,58.49,medium,low,10,namesilo,,,20/09/2026 08:21
4d53a24d-4ccf-4897-946f-6e1d35eb9abd,motivation.design,resell,,,high,low,10,NameMart Pte. Ltd.,03/09/2026 15:02,03/09/2027 15:02,26/09/2026 07:39
3d6823e4-80f8-4221-86ae-e21179626e17,augsburg.design,premium,103.7,103.7,high,low,8,spaceship,,,27/09/2026 20:03
57e9a5a7-bc45-4379-8077-f814824fb1f3,vegetable.design,available,19.99,,high,low,9,name.com,,,
00ef4abd-3dbb-47e4-9fde-fe1338f26847,fearfully.design,available,12.98,68.98,medium,low,9,namecheap,,,14/09/2026 18:04
544fd9d2-8014-4f9f-8078-332a71395abd,dullard.design,available,3.99,58.49,low,low,7,namesilo,,,10/09/2026 23:07
94b3fa2c-23dc-4572-9df3-f78cb1c42b9f,wounded.design,available,3.98,68.98,medium,low,7,namecheap,,,25/09/2026 06:51
383ebc02-0538-4a05-a53b-682772595d35,antilles.design,available,12.98,68.98,medium,low,8,namecheap,,,19/09/2026 14:37
84feddf1-47f1-4e2a-97ae-6c8316e96abc,grownup.design,available,3.98,68.98,high,low,7,namecheap,,,
2dc5ed9d-aad4-4e91-ae10-bf5f15948a96,premature.design,available,3.99,58.49,high,medium,9,namesilo,,,09/09/2026 01:39
ddbd101d-4e76-43ac-8fb9-09d24d6ceb7a,clench.design,available,19.99,80.99,medium,low,6,name.com,,,24/09/2026 15:33
9f88a9f4-0649-4abd-965c-dbd72d7b6bf4,vegetative.design,available,3.99,58.49,medium,low,10,namesilo,,,13/09/2026 01:44
31d44ae4-82b6-42d5-80c0-94e1cae4bc30,prosecutor.design,available,3.98,68.98,high,low,10,namecheap,,,27/09/2026 05:05
a865443d-a830-4cf8-aae6-37f6ac95eaa4,moses.design,premium,116,116,high,low,5,namesilo,,,19/09/2026 10:00
07db926d-e842-4940-a2d4-1c86dcc03e48,benchmark.design,premium,302.5,302.5,high,low,9,namesilo,,,23/09/2026 07:38
e4191679-13bc-413e-b76d-bc7af328c355,intune.design,available,58.49,58.49,high,low,7,namesilo,,,17/09/2026 12:54
55591e69-e781-4111-acd6-b357ae11aced,praiseful.design,available,3.98,68.98,medium,low,9,namecheap,,,22/08/2026 20:51
fd9b8242-1f1a-41fd-a8f5-e0f4eabf6c2f,ingredients.design,available,3.99,58.49,medium,low,11,namesilo,,,
9d873868-c5b6-4b6a-9726-47c04a14eff3,faith.design,premium,116,116,high,low,5,namesilo,,,
eb181988-43d7-4b2a-84b6-55b6b7accd67,marvelous.design,resell,,,high,low,9,Dynadot Inc,24/11/2025 00:07,24/11/2026 00:07,26/09/2026 07:27
450ad66a-421c-45ae-b67e-dad2141fc878,randall.design,premium,130,130,high,low,7,namecheap,,,28/09/2026 04:02
b4388e26-7707-432e-bcdc-fb456d9302a2,despondent.design,available,58.49,58.49,medium,low,10,namesilo,,,24/09/2026 06:51
9d02f380-6492-4994-88f8-5463a625722f,prosodic.design,available,3.99,58.49,medium,low,8,namesilo,,,09/09/2026 03:39
97d7185d-3a10-4456-9470-780d80c287b9,thenar.design,available,3.99,58.49,medium,low,6,namesilo,,,11/09/2026 12:51
1d1fbf36-e40d-460c-8cd8-0241cc51290e,liturgical.design,available,3.98,68.98,medium,low,10,namecheap,,,24/08/2026 07:40
d10ecbe7-beb7-476d-b7c7-8d745bbe8099,thy.design,premium,250.5,,medium,low,3,unstoppable,,,28/09/2026 15:36
402b8c1c-e719-4e1d-887a-0de0d4d58225,carambola.design,available,58.49,58.49,medium,low,9,namesilo,,,21/09/2026 09:14
e021b238-94f3-4e3d-b5a6-fa77bd31c512,personal.design,premium,250.5,302.5,high,low,8,unstoppable,,,28/09/2026 12:58
52d033ca-6651-4f9e-a497-9fe5e365ee77,supporting.design,available,4.99,89.99,high,low,10,godaddy,,,28/09/2026 02:02
8652486d-1aef-4e3c-b80c-d6dd38a8716a,somnolent.design,available,3.99,58.49,medium,low,9,namesilo,,,10/09/2026 11:38
d0f3388e-4dcc-490f-b044-7d6c5731c923,romish.design,available,3.99,58.49,medium,low,6,namesilo,,,05/09/2026 01:30
fc8e7e91-e57c-488d-8944-d63261e69a9e,dirigible.design,available,12.98,68.98,medium,low,9,namecheap,,,14/08/2026 09:02
7db8b292-9d65-4d82-a077-6595b7b11218,invitation.design,premium,812.5,,high,low,10,name.com,,,
e6034244-b010-4c05-a537-1e0bf1b3d1e2,apologue.design,available,58.49,58.49,medium,low,8,namesilo,,,18/09/2026 10:43
1b3ff4af-e1e9-4d5c-8efc-8a1c047fb8e7,nicole.design,premium,302.5,302.5,high,low,6,namesilo,,,
86d02036-e569-4b9a-9757-3a77938d64e8,evaporated.design,available,12.98,68.98,medium,low,10,namecheap,,,17/08/2026 14:45
6cd62f86-01cc-4926-a0ec-e1d609e0ec7a,endemical.design,available,12.98,68.98,low,low,9,namecheap,,,17/08/2026 00:53
95e34f71-c394-49b4-8102-8235438358a7,mannheim.design,premium,103.7,103.7,high,low,8,spaceship,,,28/09/2026 10:19
ceb5ee45-cf36-4c7d-8bf3-597cc0b60ae6,irvin.design,premium,100.5,,medium,low,5,unstoppable,,,28/09/2026 16:39
76ce5024-c83f-4063-934a-9f985c095c37,aden.design,premium,130,130,medium,low,4,namecheap,,,17/09/2026 07:22
671ff07a-c305-498d-835e-37461ffc2310,unfit.design,available,3.99,58.49,medium,low,5,namesilo,,,12/09/2026 10:23
08791aff-b7ec-422d-af5c-e64789d0b4c5,lxiv.design,available,3.98,68.98,medium,low,4,namecheap,,,
a944abda-17e7-4e3d-a815-134b61da5671,nobleman.design,available,12.98,68.98,high,low,8,namecheap,,,03/09/2026 18:00
c746e0ac-3e49-4ae4-9450-f6a0f48362c2,chanukkah.design,available,19.99,,medium,low,9,name.com,,,
a1e02d0a-327f-4481-b946-706a2673ec5f,assortment.design,available,3.98,68.98,high,low,10,namecheap,,,25/08/2026 07:59
8d8ed384-3fb2-4b2d-b3d4-88083b10d735,choppy.design,available,58.49,58.49,medium,low,6,namesilo,,,23/09/2026 14:30
36f062b5-a435-457b-a46b-7d5258952d80,happiness.design,resell,,,high,low,9,"Blue Razor Domains, LLC",09/05/2015 14:00,09/05/2027 23:59,26/09/2026 06:34
0c8e464e-dd67-4e6b-930d-e4146af23778,thai.design,premium,812.5,812.5,high,low,4,name.com,,,10/09/2026 07:23
09c8463e-d3e7-461a-9428-594252aa8632,mayhap.design,available,12.98,68.98,medium,low,6,namecheap,,,15/09/2026 13:45
ae002cdc-f9e0-4c7d-823f-92019e176c45,areola.design,available,58.49,58.49,medium,low,6,namesilo,,,20/09/2026 03:49
3441306a-594c-4980-9261-72f29ab6d270,agamic.design,available,3.98,68.98,medium,low,6,namecheap,,,
5937603e-215a-4789-a3f7-7a8c3df33b06,enamored.design,available,12.98,68.98,high,low,8,namecheap,,,16/08/2026 21:09
7f54d3d9-4e41-409b-92bc-ad2313ccd003,gaur.design,available,12.98,68.98,medium,low,4,namecheap,,,23/09/2026 13:04
9dd77382-2977-4d72-add8-ad35066942d8,keynesian.design,available,3.98,68.98,medium,low,9,namecheap,,,22/08/2026 15:46
9045e179-815a-4b25-b05e-c8df0905a508,kurakkan.design,available,12.98,68.98,medium,low,8,namecheap,,,17/09/2026 15:21
618768dd-c4a7-4bd9-92bb-c208abf48443,paniculate.design,available,3.99,58.49,medium,low,10,namesilo,,,05/09/2026 01:01
d36d75f7-7e31-4802-a395-998071b30380,amer.design,available,45.2,45.2,medium,low,4,cloudflare,,,28/09/2026 17:41
b04f04c1-e38b-413c-b219-f102d8dc23ef,endow.design,available,58.49,58.49,high,low,5,namesilo,,,24/09/2026 23:37
35b1239e-a4b2-460a-90c2-0a707f40d650,sooty.design,available,12.98,68.98,medium,low,5,namecheap,,,12/08/2026 13:47
feaaf339-cca9-4fa3-96ee-f1571b4a5a4e,ageing.design,available,12.98,68.98,high,low,6,namecheap,,,21/09/2026 22:43
0de56ade-c6c1-476c-a968-549230ae472e,protozoon.design,available,3.99,58.49,medium,low,9,namesilo,,,09/09/2026 04:16
55c94173-18f0-4b21-ab7d-7da31ce93c28,gaslit.design,available,58.49,58.49,medium,low,6,namesilo,,,17/09/2026 16:25
c87c6f45-2fc2-4838-92f2-1d090c683caa,zoic.design,available,3.99,58.49,medium,low,4,namesilo,,,13/09/2026 15:25
7d3d0eef-d593-4bb1-b20e-2b8a00f1fa2b,buggery.design,available,58.49,58.49,medium,low,7,namesilo,,,19/09/2026 01:35
83517fac-85ed-4df8-a2b7-b221401b9e51,sandals.design,available,58.49,58.49,medium,low,7,namesilo,,,20/09/2026 14:52
c9b4f3aa-eba4-492a-88e2-fc20be1f41f3,raiding.design,available,3.98,68.98,medium,low,7,namecheap,,,24/08/2026 15:45
17952c33-3c74-4079-a043-372bd4520d87,almoner.design,available,12.98,68.98,medium,low,7,namecheap,,,18/09/2026 12:40
b542ffc6-fa52-47e8-9310-98f55dfe13f4,diatonic.design,available,12.98,68.98,medium,low,8,namecheap,,,14/08/2026 06:21
533eadd2-d121-4e36-bc7c-64a2544f5340,letters.design,available,19.99,,high,low,7,name.com,,,
93b317bc-d177-4bf4-b50d-840acf0dc076,digression.design,available,58.49,58.49,medium,low,10,namesilo,,,24/09/2026 22:18
fe69971a-c152-4556-8d7d-f82b0c5bab3c,marley.design,premium,258.95,258.95,medium,low,6,spaceship,,,29/09/2026 00:11
9a79df62-f039-49d5-884b-3e574b0319eb,adenoma.design,available,58.49,58.49,medium,low,7,namesilo,,,17/09/2026 07:30
4a5bfb98-2426-45be-980f-2f1c9a726eaf,reversive.design,available,3.99,58.49,medium,low,9,namesilo,,,09/09/2026 16:11
a1f68f94-4350-49e2-96b1-70993608f65e,sleeved.design,available,3.99,58.49,high,low,7,namesilo,,,10/09/2026 10:43
378b655e-da31-4db7-8dfd-5d4160b3bd75,megabucks.design,available,19.99,80.99,high,low,9,name.com,,,23/09/2026 14:11
0762cfb3-bb17-4dfc-acf1-3537e0405119,xxv.design,premium,116,116,medium,low,3,namesilo,,,21/09/2026 12:45
efb067b9-67f5-4fea-9f33-b40421e58b32,steroids.design,available,12.98,68.98,medium,low,8,namecheap,,,19/09/2026 19:38
5b146e2d-dec2-4887-a431-c9e29bfab3d2,fortunes.design,available,59.5,,medium,low,8,unstoppable,,,29/09/2026 05:22
b16395fd-55dd-4f15-9217-17e7283fedfb,crustacean.design,available,12.98,68.98,high,low,10,namecheap,,,13/08/2026 09:19
9c28e539-c055-427e-b903-c1ce09502d76,enthusiastic.design,available,2.79,46.78,high,low,12,spaceship,,,28/09/2026 11:14
f0686d19-1b28-48bd-a9f5-bec75a698ce8,fulgent.design,available,12.98,68.98,medium,low,7,namecheap,,,10/08/2026 13:45
e7df701b-2987-4ada-ac8b-615d38ca92de,weighs.design,available,59.5,,low,low,6,unstoppable,,,28/09/2026 18:15
6f218276-9dac-4e15-b164-1283e79040fe,eiffel.design,premium,116,116,medium,low,6,namesilo,,,18/09/2026 05:59
e44972c2-adb9-4270-b73f-97d3cdc0eb33,conflicted.design,available,19.99,,medium,low,10,name.com,,,
7bc55947-44f2-46de-8605-69b665adb47f,enlivening.design,available,3.98,68.98,medium,low,10,namecheap,,,
0d76e56e-d3ee-4917-8670-776c61cab662,smarted.design,available,58.49,58.49,medium,low,7,namesilo,,,20/09/2026 16:41
0930260d-cda4-4fec-adba-9c2cc88a67a0,footballer.design,available,19.99,,high,low,10,name.com,,,
55443470-78b9-4849-b9ae-bf1f8f2b67df,annex.design,resell,,,medium,low,5,Porkbun,17/02/2026 23:58,17/02/2027 23:58,28/09/2026 21:27
48168edb-5af8-46cd-8e2c-3a93039b04bd,virgin.design,premium,302.5,302.5,high,medium,6,namesilo,,,13/09/2026 05:55
001acc02-162c-4606-ae0b-7d5b1a248021,lovesick.design,available,3.98,68.98,medium,low,8,namecheap,,,24/08/2026 10:18
7580b053-fd4e-4981-9ab5-0885056168ad,hypertonic.design,available,3.98,68.98,medium,low,10,namecheap,,,21/08/2026 16:56
9601bba9-b754-4a15-9107-e9cd23055da4,abila.design,available,58.49,58.49,medium,low,5,namesilo,,,16/09/2026 15:52
9973a55d-936a-4a36-a906-05c9c644799a,autotomic.design,available,12.98,68.98,medium,low,9,namecheap,,,07/08/2026 21:13
d75abcfa-d5ca-48fe-a193-19eed3cc86c4,diligently.design,available,12.98,68.98,medium,low,10,namecheap,,,14/09/2026 12:40
9de3c2a0-deb8-429a-a8b4-b6199c291e87,antabuse.design,available,58.49,58.49,medium,low,8,namesilo,,,19/09/2026 12:24
41238ca0-ceca-478b-b6ed-3868476b3f46,braky.design,available,12.98,68.98,low,low,5,namecheap,,,11/08/2026 01:57
5e19a0b9-adef-4bf9-9ff6-8559ae66ee66,roommates.design,available,58.49,58.49,medium,low,9,namesilo,,,21/09/2026 02:59
ca8ca217-268d-4700-8967-7e392e8116ce,judicial.design,available,3.98,68.98,high,low,8,namecheap,,,22/08/2026 14:14
ff0e3074-3091-4711-ade4-5027d4de0da4,diversify.design,available,,,high,low,9,,,,
c290126c-3a67-4f3f-9578-3f1cb5987045,mcgraw.design,premium,258.95,258.95,medium,low,6,spaceship,,,28/09/2026 06:05
d86968c1-0d14-449a-aeba-002a48ae3abd,woollen.design,available,3.99,58.49,high,low,7,namesilo,,,13/09/2026 13:15
10af7a34-f296-4e03-a35f-87a77f0af369,groggy.design,available,12.98,68.98,medium,low,6,namecheap,,,18/08/2026 09:53
95dcb51b-d2fd-417c-b1a2-cfbc68ea27bf,annuity.design,available,58.49,58.49,high,low,7,namesilo,,,19/09/2026 10:58
f394c423-22a4-4ea4-8bb9-bb9393086ac9,jade.design,premium,162.5,325,high,low,4,namecheap,,,22/08/2026 11:50
039dc856-ed68-40c6-8708-46734fa51be5,mods.design,premium,125,,high,low,4,name.com,,,
0f450af8-eb00-44a4-b72d-6858aa94ce74,bonefish.design,available,12.98,68.98,medium,low,8,namecheap,,,18/09/2026 03:25
f1771ac8-de61-4416-aa6e-d09abd0cc711,mendelian.design,available,3.98,68.98,medium,low,9,namecheap,,,24/08/2026 20:06
5ad22f5c-0ccd-4d87-addf-11f90116e74a,curfew.design,available,3.98,68.98,medium,low,6,namecheap,,,24/09/2026 20:27
21d72f75-d7b1-4e8e-a268-34912a5aac07,calorific.design,available,12.98,68.98,medium,low,9,namecheap,,,11/08/2026 15:12
08ed2a4c-97bf-48f9-b91b-6894ec42ad33,profession.design,available,19.99,,high,low,10,name.com,,,
36524315-c0e5-4e3e-87bb-637d1b1570f8,notices.design,available,58.49,58.49,medium,low,7,namesilo,,,20/09/2026 07:18
cc1e9f0a-9d8b-4415-ba05-873e46c840e1,prospering.design,available,12.98,68.98,medium,low,10,namecheap,,,10/08/2026 19:17
0c077e29-3cf4-41c3-888a-ecea13d46a63,straying.design,available,3.99,58.49,medium,low,8,namesilo,,,10/09/2026 22:14
fd50003f-9cc0-4ff6-9041-6016327395ab,launching.design,available,58.49,58.49,high,low,9,namesilo,,,29/09/2026 00:37
3004bdba-67de-42de-9421-ce858ea36bde,duchess.design,available,19.99,,high,low,7,name.com,,,
70c6c65f-3962-4033-bbf1-5dc2073910ab,arrangements.design,available,58.49,58.49,medium,low,12,namesilo,,,27/09/2026 10:40
0f0f8524-fef0-4b8d-ae88-d59871b21469,linnaeus.design,available,58.49,58.49,medium,low,8,namesilo,,,28/09/2026 05:24
14671f08-cf7c-48dd-9020-03b4f27a6735,fright.design,available,58.49,58.49,medium,low,6,namesilo,,,17/09/2026 14:50
122c2be0-c8a5-4a8e-a538-1fea278924d2,detention.design,available,45.2,45.2,medium,low,9,cloudflare,,,27/09/2026 12:53
f65e2303-3029-42f6-9217-94d8d4bc7346,messed.design,available,58.49,58.49,medium,low,6,namesilo,,,17/09/2026 16:53
a48561ff-dfe0-469d-923b-a57ea7cc496b,concealing.design,available,12.98,68.98,high,low,10,namecheap,,,12/08/2026 19:52
525c19c1-bce2-4602-8cc4-024a349b1f12,lepanto.design,available,12.98,68.98,medium,low,7,namecheap,,,22/09/2026 15:21
12a5733e-c8ab-42d2-8db9-bc16da4b2bb5,knowing.design,available,58.49,58.49,high,low,7,namesilo,,,25/09/2026 10:04
37c37579-6ada-4a57-acd4-505a44f5b711,usda.design,available,12.98,68.98,medium,low,4,namecheap,,,17/09/2026 19:25
f5e07e04-0f02-43b5-97de-0fe3eadd93c8,treasury.design,resell,,,high,low,8,Dynadot Inc,19/01/2026 22:03,19/01/2027 22:03,26/09/2026 09:45
35a44f15-b6ba-4eb6-9af4-85227f7b7f59,zoonotic.design,available,3.99,58.49,medium,low,8,namesilo,,,13/09/2026 15:35
056ce7d8-7138-4898-a16d-23d83c97eade,tumultuous.design,available,12.98,68.98,medium,low,10,namecheap,,,14/08/2026 12:25
26836cd9-d129-49fe-96e0-457b1075e2a5,grenville.design,available,45.2,45.2,medium,low,9,cloudflare,,,29/09/2026 04:31
c240778d-584c-462a-a22f-5c7fed15b5d1,iatrogenic.design,available,3.98,68.98,medium,low,10,namecheap,,,21/08/2026 17:30
53dc1208-5ac7-4b08-aeb3-5ceafd8344fc,ducal.design,available,12.98,68.98,medium,low,5,namecheap,,,14/08/2026 20:44
2a1d77b9-c042-4a0f-b96f-1ed5fe41c1d9,synchronic.design,available,3.99,58.49,medium,low,10,namesilo,,,11/09/2026 06:15
f566168c-60a3-4a15-b709-8c5cd4595e53,concession.design,available,58.49,58.49,high,low,10,namesilo,,,24/09/2026 17:04
0bdd4505-350c-42d3-9e9e-50e4bba70eca,fireworks.design,premium,710.1,710.1,high,low,9,porkbun,,,27/09/2026 21:35
1ae92ccf-4781-4c2f-ac0f-cddcfa3d98c1,telescopic.design,available,3.99,58.49,medium,low,10,namesilo,,,11/09/2026 10:24
0e50d46b-cf54-48e2-88d4-15faca1a9e8e,dishy.design,available,12.98,68.98,medium,low,5,namecheap,,,14/08/2026 11:03
00bd64f7-4ea7-4e48-b9d7-e8b1db5a3e59,sartorial.design,available,4.99,80.99,high,medium,9,name.com,,,09/09/2026 21:32
5aebf5bf-8360-45a0-9ddf-82b55bb8041c,bonzer.design,available,12.98,68.98,medium,low,6,namecheap,,,10/08/2026 19:02
e50cba60-3345-405d-8d54-6edce7b822a0,birdfeeder.design,available,12.98,68.98,medium,low,10,namecheap,,,23/09/2026 19:53
12c841c3-c197-41ec-8117-f75dd733343a,contiguous.design,available,12.98,68.98,medium,low,10,namecheap,,,12/08/2026 23:11
c59459b2-9cc4-4a82-b0e7-549e7432c5fc,humpback.design,available,12.98,68.98,medium,low,8,namecheap,,,13/08/2026 07:47
dce37d5a-2b6c-472e-9251-a1d9b94a1ef7,transfer.design,resell,,,high,low,8,Porkbun,19/02/2026 00:10,19/02/2027 00:10,26/09/2026 09:44
075ce20a-2816-4d06-8baf-d49d675d6cb3,spanking.design,available,12.98,68.98,high,low,8,namecheap,,,11/08/2026 04:33
a5c9c5b4-7042-4962-8759-d3ad65cdc9be,practiced.design,available,2.79,46.78,high,low,9,spaceship,,,29/09/2026 02:32
172784d2-9583-4677-a789-ec2ef63c5fd0,eid.design,premium,116,116,high,low,3,namesilo,,,
51a1e70d-c429-448f-ba74-d9aab7660781,undefiled.design,available,3.99,58.49,medium,low,9,namesilo,,,12/09/2026 06:15
4c24934c-b497-4065-813c-aa62c64ae5ea,bennington.design,available,58.49,58.49,high,low,10,namesilo,,,23/09/2026 08:33
4a275b40-3cb6-4c53-af32-44ad1921e169,proponent.design,available,58.49,58.49,high,low,9,namesilo,,,17/09/2026 11:45
0faa89cd-22e0-4747-afc6-bca5d920695a,coldly.design,available,59.5,,low,low,6,unstoppable,,,28/09/2026 14:07
e902bc63-7ac8-4e11-8cf1-c3ccfa3ef951,catty.design,available,12.98,68.98,medium,low,5,namecheap,,,10/08/2026 07:23
1dce90de-c827-443d-aec1-8c2984c953e9,uncle.design,available,19.99,,high,low,5,name.com,,,
58c9c2c1-90ce-4f00-9c62-3e3cb048d37c,gomad.design,available,12.98,68.98,medium,low,6,namecheap,,,20/09/2026 00:44
47c245d0-2d54-4010-ad1c-36b61cb636d0,tellurian.design,available,3.99,58.49,medium,low,9,namesilo,,,11/09/2026 10:37
d5f3b199-1b66-4fef-bb13-deac28c26e86,pinnatifid.design,available,12.98,68.98,high,medium,10,namecheap,,,08/09/2026 19:50
e0a38bda-36c7-4bfd-9e91-f3dbe227be8c,jacobite.design,available,58.49,58.49,medium,low,8,namesilo,,,29/09/2026 01:23
374802ce-2187-4bb1-97cf-6899569d07b5,cornelia.design,available,58.49,58.49,medium,low,8,namesilo,,,28/09/2026 07:53
98179e00-459a-48b7-a816-36a52f84a9cd,sentiment.design,available,58.49,58.49,high,low,9,namesilo,,,28/09/2026 15:00
7b8e8931-f29e-497f-ba49-7281d90e3ff3,ramsons.design,available,58.49,58.49,medium,low,7,namesilo,,,18/09/2026 11:34
e5f51dc1-9876-446b-b588-160a6a2ef0e8,prodigally.design,available,12.98,68.98,low,low,10,namecheap,,,15/09/2026 21:38
d54ff52d-af3d-4fbe-b049-a1e940445068,venturer.design,available,3.98,68.98,high,low,8,namecheap,,,28/09/2026 07:03
030532bb-1b2e-4c49-8f1e-640b45a91888,biosafety.design,available,12.98,68.98,high,low,9,namecheap,,,23/09/2026 18:56
509a6b77-9c80-4b40-87e1-995493347e3a,stoical.design,available,12.98,68.98,medium,low,7,namecheap,,,10/09/2026 20:59
ce20542a-ee34-4cc7-b6d1-97a789722aef,ambages.design,available,58.49,58.49,medium,low,7,namesilo,,,18/09/2026 16:24
074c399a-a23a-4eaa-b414-550a948279c0,mme.design,premium,100.5,,high,low,3,unstoppable,,,29/09/2026 03:05
c51c3c64-aa93-495c-9f90-0b129651ad37,tricolor.design,available,12.98,68.98,high,low,8,namecheap,,,11/09/2026 19:26
5d5bf60b-cb3b-49c1-8495-4f09d90ebae6,seventh.design,available,3.98,68.98,high,low,7,namecheap,,,
4192304b-89ba-4a44-a7af-6c80792f6b82,paediatric.design,available,3.99,58.49,medium,low,10,namesilo,,,04/09/2026 22:51
6dd38563-3f7f-43c3-927a-89f072e992ca,confirmation.design,available,59.5,,high,low,12,unstoppable,,,28/09/2026 04:27
3d375135-0fcb-4b9d-ac25-d6a952dec236,anklet.design,available,12.98,68.98,medium,low,6,namecheap,,,19/09/2026 09:41
1977711c-6fa5-493c-b2c8-4306ce294937,hyoid.design,available,3.98,68.98,medium,low,5,namecheap,,,21/08/2026 16:35
7c8b2efe-47a6-4e43-94c4-686b9e1fbc4f,backstairs.design,available,12.98,68.98,medium,low,10,namecheap,,,08/08/2026 06:26
9a628165-24c1-480d-876c-aed189f66dad,adenosine.design,available,58.49,58.49,medium,low,9,namesilo,,,17/09/2026 07:32
5d7c778d-57e2-4928-b5eb-feb4ddb4adea,dented.design,available,12.98,68.98,medium,low,6,namecheap,,,13/08/2026 09:08
441a9933-63a8-4064-9b72-ffc279b70a0f,chelate.design,available,12.98,68.98,medium,low,7,namecheap,,,12/08/2026 04:03
ec70a55c-b6f1-4a5d-a7e9-70c74b85296f,thrill.design,resell,,,high,low,6,,,,28/09/2026 05:48
70f6a745-54fb-488c-8379-f87e0c0a02e6,phantasma.design,available,12.98,68.98,high,low,9,namecheap,,,08/09/2026 18:38
98e78c10-1710-469f-bb2d-b3df01699a4c,nettlesome.design,available,12.98,68.98,medium,low,10,namecheap,,,
1afb6cf9-9e02-4fde-a72d-e4638b242a70,inmates.design,available,45.2,45.2,low,low,7,cloudflare,,,28/09/2026 18:12
87e73846-e8d8-465e-9b2a-6b9c3d6450ba,agreeing.design,available,2.79,46.78,high,low,8,spaceship,,,28/09/2026 15:41
406a95a1-1cc4-4ef0-9cd9-1be8bc192107,bashfully.design,available,3.99,58.49,medium,low,9,namesilo,,,13/09/2026 23:41
3a59a2cb-3f0f-4d5d-ae4e-cbe2beb7ee39,streets.design,available,3.99,58.49,high,low,7,namesilo,,,
8821ec9b-5c40-4fe7-bd88-6827ecd5b2b5,hendricks.design,premium,,,medium,low,9,,,,28/09/2026 08:45
c91fa1e1-2a0d-4641-9b8d-bae0414d6e71,abbess.design,available,58.49,58.49,medium,low,6,namesilo,,,16/09/2026 14:23
4a739545-a952-4632-9160-7d4fdf2388a7,reptile.design,available,3.99,58.49,high,low,7,namesilo,,,09/09/2026 14:41
66a95272-345e-4ca6-b84e-c16892a12842,departure.design,available,19.99,,high,low,9,name.com,,,
17ebcde9-cb18-4d5c-ae2c-916fdd5c4195,threepenny.design,available,3.99,58.49,medium,low,10,namesilo,,,10/09/2026 09:08
3e82f00a-d48f-4d87-b378-26ee0c6edfca,patristic.design,available,3.99,58.49,medium,low,9,namesilo,,,08/09/2026 10:38
ecc8f029-69ee-45c4-929c-a5a2e2f7cc13,sprinkle.design,available,12.98,68.98,high,low,8,namecheap,,,15/09/2026 20:15
33db6a66-ce0b-47c4-a261-c2c5a079dcbf,deafen.design,available,19.99,80.99,medium,low,6,name.com,,,13/08/2026 19:44
85504c5b-eb2a-47d4-b364-436872ecbf3b,times.design,premium,125,,high,low,5,name.com,,,
025aa633-b2f8-4636-964b-675e3f710a56,abed.design,available,3.99,58.49,medium,low,4,namesilo,,,13/09/2026 16:13
073f8212-8f51-48e6-aa66-08b47dea4080,elvish.design,available,12.98,68.98,medium,low,6,namecheap,,,16/08/2026 03:43
3672da4c-1e61-49f5-afb4-3a7484750506,icu.design,available,19.99,,high,low,3,name.com,,,
6df4dbb2-2f03-403b-8f7e-9c49c0efdeaf,documental.design,available,12.98,68.98,medium,low,10,namecheap,,,14/08/2026 14:27
a51bbd3a-25a3-46f3-b0dd-7b37b10b7a0a,noisome.design,available,12.98,68.98,medium,low,7,namecheap,,,18/08/2026 02:29
729cc30c-cb69-45ee-a14f-75350abbd274,insulting.design,available,12.98,68.98,medium,low,9,namecheap,,,23/09/2026 21:52
bbfdbf54-f43b-46e3-9efb-101a1a9e7f10,catalan.design,available,12.98,68.98,high,low,7,namecheap,,,11/08/2026 20:50
7fd75368-226c-430c-874e-cb4c1a0526a0,furnished.design,available,12.98,68.98,high,low,9,namecheap,,,18/08/2026 18:50
e1f5900e-3190-4468-9c48-7fae8ca01c77,contractor.design,premium,302.5,302.5,high,low,10,namesilo,,,24/09/2026 17:45
07e54124-5611-4a9a-8b74-ab16943903e8,farm.design,premium,812.5,,high,low,4,name.com,,,
f3d08639-63f1-4491-86ae-1c0857d0e298,bayonet.design,available,12.98,68.98,medium,low,7,namecheap,,,22/09/2026 18:04
f9be754b-b579-4837-a9f4-44aacebb0712,climbable.design,available,12.98,68.98,medium,low,9,namecheap,,,07/08/2026 00:10
073f451c-e29a-4476-868a-8708d2380627,sewn.design,available,3.99,58.49,medium,low,4,namesilo,,,10/09/2026 05:07
815a78b3-ec12-46f1-99f5-e50f5df62eb3,photo.design,premium,845,845,high,medium,5,namecheap,,,27/09/2026 02:21
344c3525-2ae5-43d3-93d5-3d715c57c3b8,spanish.design,premium,2070.2,2070.2,high,low,7,spaceship,,,28/09/2026 00:05
6659e853-c0e8-44a9-a7a7-2899cb391a8f,railways.design,available,58.49,58.49,medium,low,8,namesilo,,,18/09/2026 22:58
90e69359-e849-42ae-a4e9-1c26021d0252,intimal.design,available,3.98,68.98,medium,low,7,namecheap,,,22/08/2026 08:28
cea9e30a-0547-4d9d-988a-42f6f80c0960,penial.design,available,3.99,58.49,medium,low,6,namesilo,,,08/09/2026 14:23
1333c103-8004-4b67-b675-caba8eadf576,tangled.design,available,3.99,58.49,medium,low,7,namesilo,,,11/09/2026 07:59
3f2c5bc8-74c5-449c-b6bb-6eeedbde4e27,lulu.design,premium,65,130,high,low,4,namecheap,,,22/08/2026 16:47
71e33f81-81ac-427a-b57d-7269ce763683,halcyon.design,resell,,,high,low,7,Dynadot Inc,10/05/2026 00:12,10/05/2027 00:12,26/09/2026 06:33
145d6ce6-9459-45cf-9a89-477cf1746272,volitional.design,available,3.99,58.49,medium,low,10,namesilo,,,13/09/2026 06:50
80c6f949-0fd4-49fc-b8bb-bb8208437972,employment.design,available,19.99,,high,low,10,name.com,,,
da714a29-a902-46b6-8ff4-15534dac113f,stealing.design,available,3.99,58.49,medium,low,8,namesilo,,,11/09/2026 13:24
4e350c76-4ed2-41c3-8f7b-199bac077e7c,personalities.design,available,58.49,58.49,medium,low,13,namesilo,,,29/09/2026 00:05
a1dbba04-6549-4d3f-9f99-4174d93c16cd,hemic.design,available,3.98,68.98,low,low,5,namecheap,,,20/08/2026 21:49
9dde94de-4e87-4a9a-947c-4a510e2f46f9,prisoners.design,available,3.98,68.98,medium,low,9,namecheap,,,25/09/2026 20:27
03345972-5561-493a-b5f0-de0cf1546611,filets.design,available,58.49,58.49,medium,low,6,namesilo,,,20/09/2026 11:33
60933605-7526-46f6-beda-29ad2cb338a3,blastema.design,available,58.49,58.49,medium,low,8,namesilo,,,24/09/2026 04:21
211daf38-324d-4136-8685-4f83f30c9f02,cleverly.design,available,58.49,58.49,high,low,8,namesilo,,,28/09/2026 13:56
783b66e5-1ae8-47f3-85d0-b6e34e10f895,wheezy.design,available,12.98,68.98,medium,low,6,namecheap,,,07/08/2026 09:31
f81f8ce0-c0cf-43dd-91d3-b95b76d83062,asheville.design,premium,116,116,high,low,9,namesilo,,,20/09/2026 13:49
137689fa-1f53-44b8-8135-7e081296ba58,cars.design,resell,,,high,medium,4,Alibaba Cloud Computing Ltd. d/b/a HiChina (www.net.cn),27/07/2020 13:03,27/07/2027 23:59,26/09/2026 04:47
043c8f43-11fd-45b1-85eb-cf031e5782e4,insurable.design,available,3.98,68.98,high,low,9,namecheap,,,22/08/2026 07:40
8e69f4a5-1d2b-4fc8-9399-d3e24b2e1d24,saving.design,available,10.92,48.37,high,low,6,dynadot,,,27/09/2026 18:08
b7b1eb73-a3a7-4b2f-bb9f-721c4dd3db88,analogist.design,available,58.49,58.49,medium,low,9,namesilo,,,19/09/2026 01:52
0ce130cf-c183-4588-b8bc-510fb1dff3cb,twinkle.design,available,12.98,68.98,high,low,7,namecheap,,,18/08/2026 06:46
f437d061-ac3f-4949-996e-864580d02c43,palatable.design,available,3.99,58.49,high,low,9,namesilo,,,04/09/2026 23:15
6d674540-36e0-4352-aa73-fc08b0c37b82,tourists.design,available,12.98,68.98,medium,low,8,namecheap,,,18/09/2026 07:30
0f7869e4-178c-44ee-92b6-28dba92a5dea,jersey.design,available,,,high,high,6,,,,
a6aca365-151c-415f-b552-ce11a2017ca1,connectors.design,available,45.2,45.2,medium,low,10,cloudflare,,,28/09/2026 05:16
afa163f2-c2ba-4c41-9106-94f18898f03b,jaggy.design,available,12.98,68.98,medium,low,5,namecheap,,,17/08/2026 12:34
58966d34-2d9d-4f10-a7e1-aed615b7a040,lxxxi.design,available,3.98,68.98,medium,low,5,namecheap,,,
45be8437-c2b3-4cd6-b9e9-b69771fc7f80,labels.design,premium,116,116,high,low,6,namesilo,,,18/09/2026 17:28
5a379d87-c1ae-4e4c-b48c-b94228a97cea,bendable.design,available,12.98,68.98,medium,low,8,namecheap,,,09/08/2026 14:07
63ee4962-807b-4cf9-9e3c-c93ef7e3186b,beefeater.design,available,58.49,58.49,medium,low,9,namesilo,,,23/09/2026 01:09
eee0bf71-530f-4d83-a922-80a0de4fe788,dicks.design,available,3.99,58.49,medium,low,5,namesilo,,,
7b76f6d7-c480-463d-bf5a-740f2229e938,innovative.design,premium,2660,2660,high,low,10,namesilo,,,28/09/2026 03:29
d3177fd8-c301-4714-8055-51b70cc0dcd2,rama.design,premium,109.69,109.69,high,low,4,porkbun,,,27/09/2026 15:30
def8cc2b-1a48-4d9b-aa68-599bd341be70,watched.design,available,12.98,68.98,high,low,7,namecheap,,,18/09/2026 01:33
4cab8936-72c4-450c-b0f9-8df03c8a6434,keypress.design,available,19.99,,medium,low,9,name.com,,,
655a2325-2070-496d-aa05-72e365ca4560,fracas.design,available,58.49,58.49,medium,low,6,namesilo,,,17/09/2026 14:44
89e11ff1-dc52-4c69-b256-73f717c2e174,appeals.design,available,58.49,58.49,low,low,7,namesilo,,,28/09/2026 23:39
6fa9e0c4-1be0-4c3a-aca5-f5467481bf35,advertisements.design,resell,,,medium,low,14,Porkbun,02/08/2020 12:07,02/08/2027 23:59,26/09/2026 01:24
26398aa9-084c-496b-8ac8-789ffa2367bd,cogent.design,resell,,,medium,low,6,Dynadot Inc,19/01/2026 22:42,19/01/2027 22:42,26/09/2026 05:06
d0b1bd9d-a5ae-4f5c-bbb2-e149bd44a1c1,increasing.design,available,58.49,58.49,high,low,10,namesilo,,,25/09/2026 08:12
e27b8888-4524-4f11-89be-ba67293d2695,asymptotic.design,available,12.98,68.98,medium,low,10,namecheap,,,07/08/2026 10:30
bf036def-000e-440e-acce-4de08317735c,student.design,premium,325,325,high,low,7,namecheap,,,29/09/2026 03:37
e0c54474-849a-4a78-a7ed-db8435f1a574,shut.design,available,12.98,68.98,high,low,4,namecheap,,,12/08/2026 12:10
6573d200-d7b6-4035-bf1f-c721940e94b4,unabated.design,available,3.99,58.49,medium,low,8,namesilo,,,11/09/2026 23:24
41cb4525-4fa1-4e69-9121-f37ada86b0fb,forgetful.design,available,12.98,68.98,medium,low,9,namecheap,,,18/08/2026 11:56
540ed6bb-7728-4354-82a6-8fb1e4595311,monocled.design,available,12.98,68.98,medium,low,8,namecheap,,,09/08/2026 17:15
bb13ad34-76f8-4f93-8747-e4398a419593,dodging.design,available,58.49,58.49,medium,low,7,namesilo,,,21/09/2026 09:51
87e669cf-169b-4456-a749-ffd79bb15465,boloney.design,available,12.98,68.98,medium,low,7,namecheap,,,21/09/2026 23:45
ac87f206-25c5-45b5-a7b4-e06242af3919,anglomania.design,available,12.98,68.98,medium,low,10,namecheap,,,19/09/2026 06:51
63700135-7eff-4c79-bcc0-bce69e151e6c,opposed.design,available,3.99,58.49,high,low,7,namesilo,,,04/09/2026 16:45
8fb14cc2-aeef-44cc-b813-d6ec569475ee,compromised.design,available,58.49,58.49,low,low,11,namesilo,,,28/09/2026 13:03
fd1dd7bc-5d50-4595-9a30-2e68863f49dc,aranyaka.design,available,19.99,80.99,medium,low,8,name.com,,,20/09/2026 00:08
5c3ea792-44f3-413b-9694-c1cdf2738f1f,stratified.design,available,12.98,68.98,medium,low,10,namecheap,,,09/08/2026 06:36
6a540a9b-25de-45b2-b151-6752799d7ded,exceptionally.design,available,58.49,58.49,medium,low,13,namesilo,,,29/09/2026 03:12
5f585fca-f3bc-4bf5-aa2f-4e8452903db9,whorehouse.design,available,12.98,68.98,medium,low,10,namecheap,,,21/09/2026 18:13
1b142a25-253d-4710-a8a8-2619ed37b211,tattle.design,available,58.49,58.49,medium,low,6,namesilo,,,23/09/2026 23:36
db4f00ee-ae87-46c1-9b5c-39cadf0fb0fd,pluses.design,available,58.49,58.49,medium,low,6,namesilo,,,21/09/2026 02:09
ee46df54-e611-40b4-a319-f2e67c564dd2,menstrual.design,available,12.98,68.98,high,low,9,namecheap,,,11/08/2026 20:59
f8b14ca1-7f23-481a-bf72-5bdae870df6a,mated.design,available,3.98,68.98,medium,low,5,namecheap,,,24/08/2026 17:10
24bcb5d3-2b4f-4858-b3aa-0da1b75b397d,discredit.design,available,19.99,,high,low,9,name.com,,,
b77741c0-95a5-4156-9831-fa99ed443616,shave.design,available,3.99,58.49,high,low,5,namesilo,,,08/09/2026 20:41
0b97fd82-c696-49fd-a1b4-ba68521fd9f4,violated.design,available,58.49,58.49,medium,low,8,namesilo,,,27/09/2026 07:04
632e42a0-766d-415f-aef8-3ccb8c3f4a48,upon.design,available,2.79,46.78,high,low,4,spaceship,,,27/09/2026 11:32
564f5d0c-3c01-4aed-a18f-bfcd6fcbbd32,acores.design,available,12.98,68.98,medium,low,6,namecheap,,,17/09/2026 02:16
45e7bfe1-a7b9-4c9f-9dc0-e46f258cf5a4,bellying.design,available,12.98,68.98,low,low,8,namecheap,,,09/08/2026 13:37
369d6067-0e31-4fdf-b6e6-6932c6a507ed,steinberg.design,premium,116,116,medium,low,9,namesilo,,,28/09/2026 10:52
16678961-9ad6-4094-9a2b-eb5ce0b3d8b7,realised.design,available,58.49,58.49,high,low,8,namesilo,,,23/09/2026 17:33
8669dcef-12d3-45af-bd7e-d1ec99e130e1,beefalo.design,available,58.49,58.49,medium,low,7,namesilo,,,23/09/2026 01:04
c62ec525-fa4e-452a-ac93-f5541b50be83,unaccented.design,available,3.99,58.49,medium,low,10,namesilo,,,11/09/2026 23:32
4b3c35a8-32d7-435b-9759-91fa6f357a1d,oratorical.design,available,3.99,58.49,medium,low,10,namesilo,,,04/09/2026 17:30
1028794a-87de-423c-bfde-cdacd9f68b97,degrading.design,available,19.99,80.99,medium,low,9,name.com,,,13/08/2026 20:10
91a68be9-c2d0-4f74-8bd0-39c64d69e27a,rakes.design,available,58.49,58.49,medium,low,5,namesilo,,,20/09/2026 22:29
0f19df86-dbb8-42bf-9a3c-7850da77134d,sperry.design,available,10.92,48.37,medium,low,6,dynadot,,,29/09/2026 00:47
f5cd8d08-74e0-45fb-b9a2-6a7d48c24990,leibniz.design,available,2.79,46.78,medium,low,7,spaceship,,,29/09/2026 01:06
9e52b295-7fc9-4b40-a9d4-64e42824ae6a,benzoate.design,available,12.98,68.98,medium,low,8,namecheap,,,23/09/2026 08:56
bd7af607-ba6b-41e4-8d73-11d444cd27b9,wrongful.design,available,58.49,58.49,medium,low,8,namesilo,,,28/09/2026 11:11
5a7ce88e-8171-432e-a35f-931f6c85a1e6,lovingly.design,available,12.98,68.98,high,low,8,namecheap,,,14/09/2026 19:14
1e6d9d18-cdd6-457d-ada3-a3e68598a986,into.design,available,,,high,low,4,,,,
5cf16dc6-f0c2-4509-8b3e-4b024d364023,worldly.design,available,12.98,68.98,high,low,7,namecheap,,,10/08/2026 13:20
b9b76317-be42-4b8e-90fe-85923bc48153,shrinkable.design,available,3.99,58.49,high,medium,10,namesilo,,,10/09/2026 06:57
372f4d89-38dc-406f-bff9-230a4e10674b,sympatric.design,available,3.99,58.49,medium,low,9,namesilo,,,11/09/2026 06:05
e9394d54-9ad4-4116-8855-af79138ca183,akimbo.design,available,3.98,68.98,medium,low,6,namecheap,,,
75ace18c-5322-45bc-9599-81a5ece27ea8,unburdened.design,available,12.98,68.98,high,low,10,namecheap,,,11/08/2026 10:27
e5c259e7-30b6-49ee-bcc2-035a60b8de4b,paced.design,available,58.49,58.49,medium,low,5,namesilo,,,18/09/2026 10:44
6f48c371-8674-44cd-beb7-0c6f9b2b2e59,saleable.design,available,12.98,68.98,high,medium,8,namecheap,,,09/09/2026 20:51
fe0e9c48-34c9-426b-ac13-be366a2d58ed,challenging.design,available,19.99,,high,low,11,name.com,,,
28fb9955-586f-458c-a738-1f0f0d27f7d8,abactinal.design,available,3.98,68.98,medium,low,9,namecheap,,,
9d31b03b-d102-4544-b16c-0651e6646e59,serrate.design,available,3.99,58.49,medium,low,7,namesilo,,,03/09/2026 22:06
85ece663-cb4d-4d43-94e1-899cbbbe3334,smell.design,available,2.79,46.78,high,low,5,spaceship,,,27/09/2026 22:50
780721c5-2fdb-41f1-bcdc-1eac7dc3895f,murderous.design,available,3.98,68.98,medium,low,9,namecheap,,,21/08/2026 11:28
7e273afc-128b-49f2-b1dc-e278e06e0ea2,pampering.design,available,3.99,58.49,high,low,9,namesilo,,,05/09/2026 00:29
f0fa29f7-cc01-4c7f-9b09-5a470a5ecafa,antemortem.design,available,12.98,68.98,medium,low,10,namecheap,,,
44a3d8d9-20bf-4c41-b681-87f8fd9b4ea9,correspondent.design,available,2.79,46.78,medium,low,13,spaceship,,,29/09/2026 03:16
1273a3a1-ec31-4351-b69b-271f704fb603,immature.design,available,3.98,68.98,medium,low,8,namecheap,,,21/08/2026 20:52
0d0ef4d8-1d1b-4eb1-88ef-8175105ce8d7,bond.design,premium,302.5,302.5,high,medium,4,namesilo,,,28/09/2026 07:20
e4696afa-4214-4c24-a769-857eb233a4be,bextra.design,available,58.49,58.49,medium,low,6,namesilo,,,23/09/2026 12:09
4a34a319-5a15-4975-bea6-e94f90728bf1,bisexual.design,available,12.98,68.98,high,low,8,namecheap,,,10/08/2026 06:14
05875300-dbd0-4c63-a713-b7bda86b7103,glut.design,available,58.49,58.49,medium,low,4,namesilo,,,23/09/2026 17:21
e28b42dc-8cce-4d62-ac0b-37ea0c78f94b,awaken.design,resell,,,high,low,6,Dynadot Inc,19/01/2026 22:03,19/01/2027 22:03,26/09/2026 04:10
d38ce3a3-312c-4fb7-a092-0fc99884fc2b,ftc.design,resell,,,medium,low,3,,,,28/09/2026 14:08
3ba9358a-165a-4f64-b460-6c1b2b2a62f1,scowling.design,available,12.98,68.98,medium,low,8,namecheap,,,09/08/2026 08:33
0ffb600b-bf07-485d-9903-54f44e293b9a,alvarado.design,premium,250.5,,medium,low,8,unstoppable,,,28/09/2026 16:06
f856afab-5549-423e-853c-f67de544dfd1,french.design,premium,2660,2660,high,low,6,namesilo,,,24/09/2026 21:41
47755f23-1065-45b8-9b45-6efa19a89710,adopter.design,available,58.49,58.49,medium,low,7,namesilo,,,17/09/2026 09:39
69f46292-5cb7-423c-abf2-63ac0f348ee3,bicycling.design,available,58.49,58.49,high,low,9,namesilo,,,23/09/2026 13:28
7b4743b9-5b9f-45c2-84fd-b29afd6750bd,swagman.design,available,3.99,58.49,medium,low,7,namesilo,,,11/09/2026 05:01
f27893fe-40c5-4700-ba5f-5890796c1a97,cowboys.design,available,10.92,48.37,high,low,7,dynadot,,,28/09/2026 12:01
ae465747-e566-4efa-905f-ff0bb237380b,passionate.design,available,58.49,58.49,high,low,10,namesilo,,,27/09/2026 02:53
b780f723-89b4-49b2-bd2a-136c3b394bd7,amylaceous.design,available,3.98,68.98,medium,low,10,namecheap,,,
7b230c3b-eb0e-4186-9fa4-cda943bc960a,amnesiac.design,available,3.98,68.98,medium,low,8,namecheap,,,
8d1be37b-6d6a-403f-9d60-7b801444a847,coxa.design,available,58.49,58.49,high,low,4,namesilo,,,20/09/2026 11:23
fac0f1b1-d3ea-4ab1-8f0c-d2f5f82a5ac2,biogeny.design,available,12.98,68.98,medium,low,7,namecheap,,,23/09/2026 18:05
d1c3a4fc-a40f-447a-8fe0-43e10e5b70e3,allhallows.design,available,58.49,58.49,medium,low,10,namesilo,,,18/09/2026 09:24
6e04cb4f-376b-49b9-93c0-5d2ef29b6f5d,morphine.design,available,10.92,48.37,medium,low,8,dynadot,,,28/09/2026 10:27
c6912da6-db2c-409c-a6b4-26d8302f2baa,outrage.design,available,2.79,46.78,medium,low,7,spaceship,,,28/09/2026 10:08
03bc5cdd-31d5-4cd1-9433-8f22d5db4360,diddle.design,available,12.98,68.98,medium,low,6,namecheap,,,14/09/2026 07:58
45f8d3ce-4aea-48ec-b638-5fe866887639,kidnap.design,available,2.79,46.78,medium,low,6,spaceship,,,28/09/2026 20:48
9a25e7d7-ad7c-43d0-b12d-d3227bc6e962,twins.design,resell,,,high,medium,5,Dynadot Inc,08/05/2026 07:16,08/05/2027 07:16,26/09/2026 09:49
681960cc-e3ca-418c-87f2-78c64a4af992,anointer.design,available,58.49,58.49,medium,low,8,namesilo,,,19/09/2026 11:18
3c0fda07-aca5-4051-8683-a627c6c9089d,thundered.design,available,58.49,58.49,medium,low,9,namesilo,,,20/09/2026 16:05
045e0b8c-201d-4948-94b5-54d2f2885171,sufi.design,available,3.99,58.49,high,low,4,namesilo,,,11/09/2026 01:14
dda3d72e-47ca-4502-a8cb-cfa651f6ff9a,abiders.design,available,58.49,58.49,medium,low,7,namesilo,,,18/09/2026 03:55
307e753d-a7b2-4b40-980d-599ef2953ae9,disfigure.design,available,58.49,58.49,medium,low,9,namesilo,,,24/09/2026 05:36
d1116f15-dd43-4599-88a6-f0885101142a,curiously.design,available,59.5,,medium,low,9,unstoppable,,,28/09/2026 14:28
5cb71858-09c2-43fd-98d2-8cc7abb8b645,highbrow.design,available,3.98,68.98,high,low,8,namecheap,,,21/08/2026 09:09
93789f67-e165-48f1-bf09-3816d8796057,puritanic.design,available,3.99,58.49,high,medium,9,namesilo,,,09/09/2026 06:20
d6a138ee-a306-498f-b381-ced43b3446df,sulfurized.design,available,3.99,58.49,medium,low,10,namesilo,,,11/09/2026 01:25
3e58573a-c44b-44f9-bffe-e551f7137a5e,aureole.design,available,12.98,68.98,high,low,7,namecheap,,,21/09/2026 04:18
1531cc1f-a2ef-439b-b656-188fa3eabfa1,hound.design,available,58.49,58.49,medium,low,5,namesilo,,,24/09/2026 02:24
165a8a9a-8d98-4c51-8014-509bc0c493c0,carnegie.design,available,58.49,58.49,high,low,8,namesilo,,,19/09/2026 04:42
9d57d979-b530-4f6d-aca7-4e305649cec8,netlike.design,available,3.99,58.49,medium,low,7,namesilo,,,03/09/2026 16:00
67f0d30d-7ce0-4ead-beb2-1ec6461c80ef,clxxv.design,available,3.98,68.98,medium,low,5,namecheap,,,
f70c9477-5803-47bc-9525-7a7bd2c0ace1,rant.design,available,58.49,58.49,high,low,4,namesilo,,,24/09/2026 03:37
ec7f31b1-d901-441a-99bb-18bf642380e6,dealership.design,available,58.49,58.49,high,low,10,namesilo,,,29/09/2026 06:18
79262339-7300-4317-9cc9-a9b9a810f3d5,almsgiving.design,available,12.98,68.98,medium,low,10,namecheap,,,18/09/2026 12:43
00c25856-1fc0-44de-a75a-5618d613d735,rateable.design,available,3.99,58.49,high,medium,8,namesilo,,,09/09/2026 10:32
82566a58-3fa8-4fc1-a289-6900b6327eff,decrease.design,available,45.2,45.2,medium,low,8,cloudflare,,,29/09/2026 00:39
3934072d-9dde-4872-80c5-606fe092944a,taking.design,available,12.98,68.98,high,low,6,namecheap,,,18/08/2026 02:22
2826da85-2048-43b8-8f6c-7946ed2f1ba6,curvey.design,available,12.98,68.98,medium,low,6,namecheap,,,13/08/2026 11:51
87507449-3030-4168-9a28-be9401626237,encumbered.design,available,12.98,68.98,medium,low,10,namecheap,,,17/08/2026 00:40
4cecd2df-bff7-47f7-b40b-9cecf421b479,wipes.design,available,58.49,58.49,medium,low,5,namesilo,,,20/09/2026 09:39
0153484d-0401-4f65-a42c-e5616a44f766,etiolate.design,available,12.98,68.98,medium,low,8,namecheap,,,17/08/2026 13:53
c21f47f5-8510-4f82-bd1e-d46cbfd0f0aa,placate.design,available,12.98,68.98,high,low,7,namecheap,,,18/08/2026 22:12
9a9ae61b-c20b-42f3-afbe-2b9fd1f80850,livelong.design,available,3.98,68.98,medium,low,8,namecheap,,,24/08/2026 07:57
4c429143-5d1e-450a-9498-36b9c2e49fb4,sonsy.design,available,12.98,68.98,medium,low,5,namecheap,,,10/08/2026 20:35
082e3f7b-7077-4bb6-aadc-5f7689cd7a73,porkfish.design,available,12.98,68.98,medium,low,8,namecheap,,,19/09/2026 09:38
b0bd7498-759b-4442-af97-7c45c41883e5,octuple.design,available,12.98,68.98,medium,low,7,namecheap,,,15/08/2026 21:25
9709c208-2162-4463-8c85-bc886c2dbfd6,lean.design,premium,422.5,845,high,low,4,namecheap,,,22/08/2026 22:04
00f8ed89-1fb2-485e-b149-a966695d1a96,bhang.design,available,58.49,58.49,medium,low,5,namesilo,,,23/09/2026 12:34
2fe2461f-37f4-44cc-800e-992f82209625,supervised.design,available,3.99,58.49,high,low,10,namesilo,,,11/09/2026 02:26
98ddecde-c254-4e21-8c99-851056416c7e,lief.design,available,12.98,68.98,medium,low,4,namecheap,,,17/08/2026 20:49
067716c3-5501-447b-a0f3-f467b9c94548,unwed.design,available,3.99,58.49,medium,low,5,namesilo,,,12/09/2026 22:35
b96315a6-4a98-41ff-bc48-dd86d562ed19,nutritive.design,available,3.99,58.49,high,low,9,namesilo,,,08/09/2026 09:04
3be9b07b-8a15-4c3a-9047-1c78611651d0,jocose.design,available,3.98,68.98,medium,low,6,namecheap,,,22/08/2026 12:54
28455468-87db-4f63-8a05-b4bb3c075a3b,luz.design,premium,302.5,302.5,medium,low,3,namesilo,,,28/09/2026 21:47
17e64123-d2ed-4501-bb9c-4b4d284aa364,whippy.design,available,3.99,58.49,medium,low,6,namesilo,,,13/09/2026 11:26
c408de60-d302-4c00-8c2a-5ed09933fd9c,manageable.design,available,10.81,46.86,high,low,10,porkbun,,,28/09/2026 15:51
185b6e72-f4f6-463b-81b8-a65077346853,nonaligned.design,available,3.99,58.49,medium,low,10,namesilo,,,03/09/2026 18:44
72ac048f-74bf-4566-a338-06f0ea741652,unbowed.design,available,3.99,58.49,medium,low,7,namesilo,,,12/09/2026 02:27
eba68140-c239-4e30-8f7e-41c353b12ed1,projecting.design,available,3.98,68.98,high,low,10,namecheap,,,22/08/2026 14:48
981c073c-c5d6-4b1a-bf2f-9f27668ba332,towers.design,available,58.49,58.49,medium,low,6,namesilo,,,28/09/2026 08:26
b62411c3-e59d-4139-ad02-bcde21448749,uncoiled.design,available,3.99,58.49,medium,low,8,namesilo,,,12/09/2026 05:44
70f6461a-e53e-48c1-bada-9ce0a05be6ae,untaught.design,available,12.98,68.98,medium,low,8,namecheap,,,12/09/2026 18:56
87541009-7ddd-451a-9f25-5b38e641c4e2,lol.design,available,19.99,,high,low,3,name.com,,,
088949c0-0802-4cf7-88c4-b23d76e9e507,unitedly.design,available,12.98,68.98,medium,low,8,namecheap,,,16/09/2026 10:08
69d903ea-835d-4698-a23e-c9686b15b02f,molal.design,available,3.98,68.98,medium,low,5,namecheap,,,25/08/2026 03:31
e435276f-23e3-4d65-ac43-d4b1472bfa47,blows.design,available,58.49,58.49,low,low,5,namesilo,,,25/09/2026 16:53
3042b0da-2ced-412d-b0d6-507119e921cf,pretend.design,available,3.98,68.98,high,low,7,namecheap,,,25/09/2026 16:18
29979c23-4f9c-43a6-89cf-2e2467f727b4,father.design,available,10.92,48.37,high,low,6,dynadot,,,29/09/2026 02:01
7774312b-f0f0-483e-8c1e-a1c3697f359f,britain.design,premium,302.5,302.5,high,low,7,namesilo,,,29/09/2026 04:23
2e917e44-4573-4b19-9f24-140e7fd9eeab,unbooked.design,available,3.99,58.49,medium,low,8,namesilo,,,12/09/2026 02:19
d2312cb5-2389-4c9c-858c-e296d22942a6,profligate.design,available,19.99,80.99,medium,low,10,name.com,,,13/08/2026 20:24
46a09324-a690-437d-a1a0-53571c332bc6,passee.design,available,12.98,68.98,medium,low,6,namecheap,,,14/08/2026 01:19
e771e6af-231d-47da-a876-d6636700720c,off.design,premium,325,325,high,low,3,namecheap,,,22/09/2026 14:54
64937360-e868-43bd-a7ab-973a5edaa272,requesting.design,available,58.49,58.49,medium,low,10,namesilo,,,16/09/2026 07:09
91344b9d-180d-4564-ac07-b53192dcaf63,narrow.design,available,3.99,58.49,high,low,6,namesilo,,,03/09/2026 13:22
5c2e88ad-3b64-41eb-9333-fbb54656dbfe,unassured.design,available,3.99,58.49,medium,low,9,namesilo,,,12/09/2026 01:14
d8e0d236-ef85-4321-99d1-bffe4a875621,duckbill.design,available,12.98,68.98,medium,low,8,namecheap,,,14/08/2026 20:46
3f8497a6-4955-44fd-b6a8-63b25ae68f90,gramophone.design,available,12.98,68.98,medium,low,10,namecheap,,,17/09/2026 02:30
d08d5bb2-fb7c-451a-b379-deb4ccc3ca7f,unpainted.design,available,3.99,58.49,medium,low,9,namesilo,,,12/09/2026 16:25
46f633c4-9002-4d70-82f4-4a1a06f3e395,occupations.design,available,58.49,58.49,medium,low,11,namesilo,,,16/09/2026 10:00
ea3ae857-3a5d-4da7-8f70-1a0be085c33e,bankbook.design,available,58.49,58.49,medium,low,8,namesilo,,,22/09/2026 02:44
f18132d8-87c6-452c-911b-b3724bec7302,southern.design,premium,302.5,302.5,high,low,8,namesilo,,,27/09/2026 23:59
4a811f54-2fc2-4e77-8943-6f612d8f5142,murdoch.design,premium,250.5,,medium,low,7,unstoppable,,,28/09/2026 01:45
5692c49d-9fcd-43ca-b0f9-37881d1b9142,revocation.design,available,58.49,58.49,medium,low,10,namesilo,,,19/09/2026 11:02
ca570b8d-2a15-4a35-841b-d666f0d6fa4a,pogge.design,available,12.98,68.98,medium,low,5,namecheap,,,17/09/2026 19:01
0941ac36-40bd-4b5b-a62c-d919fc81e7e1,robbed.design,available,58.49,58.49,low,low,6,namesilo,,,27/09/2026 02:44
caa76fbf-ae3d-4d8c-a6d9-07ef8e994d82,rockland.design,available,2.79,46.78,high,low,8,spaceship,,,28/09/2026 11:44
7dc64ae8-0160-49c7-964e-7de56d0cacee,snide.design,available,3.99,58.49,high,medium,5,namesilo,,,10/09/2026 12:33
b3a31b9a-9bdf-4d3e-9218-091ba8423a2a,razed.design,available,12.98,68.98,medium,low,5,namecheap,,,14/08/2026 01:24
9fc3d482-8250-4a23-befe-febe72e7ac5e,end.design,premium,325,325,high,low,3,namecheap,,,19/09/2026 15:33
d9dc5d53-529b-48ee-8b26-785b75b39668,tailed.design,available,3.99,58.49,medium,low,6,namesilo,,,11/09/2026 07:08
510224b9-5c42-4084-8ae4-b3b046c7e76a,snowstorms.design,available,58.49,58.49,low,low,10,namesilo,,,19/09/2026 21:56
28714aa1-ac08-4955-8094-b959c58eac08,bombs.design,available,3.98,68.98,medium,low,5,namecheap,,,25/09/2026 21:33
d903df14-e041-4e8f-83c6-2fbd5011af97,makings.design,available,12.98,68.98,high,low,7,namecheap,,,20/09/2026 04:27
2252a764-92f9-4aaa-8f48-89956f6b1f11,streamed.design,available,59.5,58.49,high,low,8,unstoppable,,,28/09/2026 03:37
72b9dbec-b04e-415b-9e2c-220161a4c802,implausible.design,available,19.99,,medium,low,11,name.com,,,
4f81bb12-97be-4b51-b967-beec4f1d61ff,reason.design,premium,116,116,high,low,6,namesilo,,,25/09/2026 10:15
99f79bc7-21b6-478a-8de3-28ca70ea67bd,undiluted.design,available,3.99,58.49,medium,low,9,namesilo,,,12/09/2026 08:03
5c0cb26c-e33f-4623-bc62-4b48e347c815,stock.design,premium,116,116,high,medium,5,namesilo,,,27/09/2026 03:18
ceafdc04-171f-481b-b55c-7f4d9b555d22,sparkly.design,available,58.49,58.49,high,low,7,namesilo,,,25/09/2026 14:13
3a020b43-9872-43af-ad0a-53d2599e9685,pierogi.design,available,58.49,58.49,high,low,7,namesilo,,,17/09/2026 14:55
96bb54a8-9927-4693-aabc-02f07024c2a0,moderato.design,available,3.98,68.98,medium,low,8,namecheap,,,25/08/2026 02:58
535ac839-903e-4292-8e83-5059563b268a,steriliser.design,available,58.49,58.49,medium,low,10,namesilo,,,21/09/2026 06:06
1934d934-8ef3-4b69-8046-c9a4c4b8d9e5,bursal.design,available,12.98,68.98,medium,low,6,namecheap,,,11/08/2026 11:04
e83a56e4-43ad-4e29-afdf-9badbdbe2634,wearable.design,premium,302.5,302.5,high,low,8,namesilo,,,13/09/2026 08:58
749828e0-2f86-4fc7-ade2-8a4688071b3b,ambivalence.design,available,3.99,58.49,high,low,11,namesilo,,,
50cf1990-0b8e-44e7-a6a1-514078c970ed,redemptory.design,available,3.99,58.49,high,medium,10,namesilo,,,09/09/2026 12:20
076ce5bf-e6fc-449b-abae-a9b449208086,hokkaido.design,available,45.2,45.2,high,low,8,cloudflare,,,28/09/2026 05:40
7f082beb-f3fb-4bcb-a4a9-57c7314f7e9a,hamas.design,available,58.49,58.49,medium,low,5,namesilo,,,28/09/2026 09:59
f72a245d-29a0-4a69-bbc8-bd70fb18d4fd,baku.design,available,12.98,68.98,medium,low,4,namecheap,,,21/09/2026 20:24
d89d717d-3bdd-4bc0-b90b-46c791a3044c,pinkish.design,available,12.98,68.98,high,medium,7,namecheap,,,08/09/2026 19:46
8b91870a-13ab-4b37-8499-4645bcfc2ddc,nowise.design,available,12.98,68.98,low,low,6,namecheap,,,15/09/2026 17:05
30454489-8329-43b0-a939-47d990cf2d69,diversity.design,premium,116,116,high,low,9,namesilo,,,
bb988f41-ca25-4a0c-b71d-cc94b0d4b09c,sacks.design,available,12.98,68.98,medium,low,5,namecheap,,,20/09/2026 18:55
1ec0f9a2-59ba-485a-8717-4b5341fafe9b,collateral.design,resell,,,high,low,10,Sav.com LLC,04/08/2026 13:40,04/08/2027 13:40,26/09/2026 05:06
c024ce56-7aa0-4604-8ce6-e1ca6cfb4e40,mesmerised.design,available,12.98,68.98,medium,low,10,namecheap,,,17/08/2026 22:52
877d8066-5e29-4e86-b0af-306202c330ce,ribs.design,available,10.92,48.37,medium,low,4,dynadot,,,28/09/2026 00:08
36100bc2-587c-4b17-a09b-8f09520c30f4,manson.design,available,2.79,46.78,high,low,6,spaceship,,,28/09/2026 02:18
f13f6f08-8eca-4c7c-977a-3235be0adb56,orad.design,available,12.98,68.98,medium,low,4,namecheap,,,15/09/2026 18:09
d460c018-dd30-4e82-a64f-9eb70fd5310d,jaundice.design,available,58.49,58.49,medium,low,8,namesilo,,,17/09/2026 03:10
d57ef42d-5ab9-402a-a4ad-308b849ba8d5,boston.design,premium,710.1,710.1,high,low,6,porkbun,,,29/09/2026 01:41
b0285569-19ab-4054-8709-34ebd2b38975,airdock.design,available,58.49,58.49,medium,low,7,namesilo,,,17/09/2026 23:04
ced54a7f-e769-4575-a24f-ae8178c941f1,lumpish.design,available,3.98,68.98,medium,low,7,namecheap,,,24/08/2026 11:12
d23a984d-6fe1-4ce8-b0db-d1977a183592,passable.design,available,58.49,58.49,medium,low,8,namesilo,,,24/09/2026 16:16
05815bb5-8089-4d81-8b1f-f644ff394484,affiliation.design,available,3.99,58.49,high,low,11,namesilo,,,
88b89932-af47-49e9-b7f1-06313393ea03,fax.design,premium,100.5,,high,low,3,unstoppable,,,28/09/2026 14:07
1799675f-1193-4825-9cfd-715db6cd7ab8,boron.design,available,58.49,58.49,medium,low,5,namesilo,,,20/09/2026 23:12
199019b0-b737-4796-a0c4-a7abdaaca9f4,betimes.design,available,3.99,58.49,medium,low,7,namesilo,,,13/09/2026 23:59
6ba5ade5-978c-47a4-a0f6-8775c553571c,untanned.design,available,12.98,68.98,medium,low,8,namecheap,,,12/09/2026 21:00
5ce452b6-cbb5-46f9-be7b-5614dceceef4,furrowed.design,available,12.98,68.98,medium,low,8,namecheap,,,18/08/2026 18:55
0096919d-ec17-453c-a2ac-0caafc5f6a05,elsass.design,available,58.49,58.49,medium,low,6,namesilo,,,18/09/2026 14:17
6ae8fad4-6eb5-4300-9e9b-4f60e18e5c6f,stunting.design,available,19.99,80.99,medium,low,8,name.com,,,17/09/2026 12:54
854ceaa4-ebfd-4e64-a56a-6582c80290ae,futureless.design,available,12.98,68.98,low,low,10,namecheap,,,18/08/2026 19:15
00249293-9ddc-428d-98a5-80165fca6a9f,acknowledged.design,available,19.99,,high,low,12,name.com,,,
1b77dde1-8b72-49a3-a160-42b0d5a3f14d,stitches.design,available,3.99,58.49,medium,low,8,namesilo,,,
210eb71f-ce18-4c72-8077-63e6252b60dd,sear.design,available,12.98,68.98,medium,low,4,namecheap,,,14/08/2026 19:05
b0332bcb-2ae9-4237-b0a8-45660bc36a1a,thirtieth.design,available,3.98,68.98,medium,low,9,namecheap,,,
98b3fef2-eaa5-4b1c-bed9-f060e96eaa39,complainer.design,available,58.49,58.49,medium,low,10,namesilo,,,23/09/2026 06:45
f660e358-e531-42b6-b049-c0b7b2d50a1a,reprints.design,available,2.79,46.78,medium,low,8,spaceship,,,28/09/2026 09:09
cf819612-e551-45de-9b08-1b5d5e2929f0,randolph.design,premium,116,116,high,low,8,namesilo,,,25/09/2026 14:59
363ff53f-cbaa-4867-a681-198e8c17b375,prostitutes.design,available,2.79,46.78,low,low,11,spaceship,,,28/09/2026 23:58
a21324d0-ea7c-4c2b-be50-0df820d19b4e,bph.design,premium,130,130,high,low,3,namecheap,,,23/09/2026 08:07
2728dae9-4d9f-457d-8938-6b79cb0d54df,aspartame.design,available,12.98,68.98,medium,low,9,namecheap,,,20/09/2026 14:43
535dd0cf-7085-4fad-9a55-fc8c0a841ebd,whats.design,available,58.49,58.49,medium,low,5,namesilo,,,20/09/2026 02:25
d9eb3e82-d591-4da6-91d3-16c5472a0b5f,utterly.design,available,58.49,58.49,medium,low,7,namesilo,,,28/09/2026 11:39
e7554845-aa8d-4f0c-8810-3833a8878e4d,skilful.design,available,58.49,58.49,high,low,7,namesilo,,,21/09/2026 17:29
de7bf296-23c3-4393-bcb4-19218834b086,washed.design,available,3.99,58.49,high,low,6,namesilo,,,13/09/2026 08:31
ae9db1e8-9c40-413c-a433-05338a77ebb2,relevantly.design,available,12.98,68.98,medium,low,10,namecheap,,,15/09/2026 22:59
caa344e0-18ff-47ba-b41f-9be87650b728,homelike.design,available,3.98,68.98,high,low,8,namecheap,,,21/08/2026 11:03
afd7e10a-cbcc-4360-a230-c4ee836571f7,mercantile.design,available,3.98,68.98,medium,low,10,namecheap,,,24/08/2026 20:23
2d39c455-d6a4-4708-a0a7-070949d2be88,wormy.design,available,12.98,68.98,medium,low,5,namecheap,,,13/08/2026 06:43
4464d32d-5f2c-425e-8244-dd383e3ff828,remember.design,resell,,,high,low,8,Dynadot Inc,19/01/2026 22:03,19/01/2027 22:03,26/09/2026 08:35
28d5c835-fc6a-4a0c-a58e-b3bd4de72f0b,precursory.design,available,3.99,58.49,high,medium,10,namesilo,,,09/09/2026 01:20
971cb2a6-49a0-4edc-a154-d2881e6d3b1f,catalonia.design,premium,109.69,109.69,medium,low,9,porkbun,,,28/09/2026 09:16
c6f76e27-bb0c-4787-848e-86c8f9f922fb,sweetish.design,available,3.99,58.49,medium,low,8,namesilo,,,11/09/2026 05:36
a539ee4c-7892-4f95-aa74-8f402460b396,grenoble.design,available,59.5,,medium,low,8,unstoppable,,,28/09/2026 19:22
2e7e6f29-c3cd-4c19-89ec-75fb7f5d3283,fixation.design,available,12.98,68.98,high,low,8,namecheap,,,20/09/2026 09:06
95e79d61-eac9-4a10-ac1a-e5c0fe9980a9,hwy.design,premium,103.7,103.7,medium,low,3,spaceship,,,29/09/2026 05:03
1a498e41-5204-4bfc-b7c1-50e4903eb4b5,raving.design,available,12.98,68.98,medium,low,6,namecheap,,,15/09/2026 22:43
f23023dc-7059-49d9-8d8f-d0b4a8c27757,oceangoing.design,available,3.99,58.49,medium,low,10,namesilo,,,04/09/2026 00:20
1e332977-7353-4080-b418-7a4784282740,founder.design,resell,,,high,medium,7,,,,28/09/2026 13:40
c46cc674-7bee-4551-9020-edcb2b8d3005,hesitate.design,available,59.5,,medium,low,8,unstoppable,,,28/09/2026 20:09
dcf0c784-9286-4c7f-92d4-b1135387b948,hog.design,premium,103.7,103.7,high,low,3,spaceship,,,28/09/2026 10:04
72dcbb66-add9-400d-b78e-c46a65997503,veteran.design,resell,,,high,low,7,Dynadot Inc,19/01/2026 22:03,19/01/2027 22:03,28/09/2026 10:15
1300a0f9-ba82-4da2-b268-9e6344eda62c,estimators.design,available,58.49,58.49,medium,low,10,namesilo,,,20/09/2026 23:34
2f4e3b41-7658-4cb9-a3ec-912d98a5d417,diaphanous.design,available,12.98,68.98,medium,low,10,namecheap,,,12/08/2026 14:26
14ea6574-05be-4615-9e22-125a0a67b0a2,pouring.design,available,3.98,68.98,high,low,7,namecheap,,,20/08/2026 21:01
109a8e6f-8c3a-46f8-ab06-a28780962279,panoptical.design,available,3.99,58.49,medium,low,10,namesilo,,,05/09/2026 01:03
7e8a0519-d68e-4380-ad15-b2cc2c2a04b2,victories.design,available,58.49,58.49,medium,low,9,namesilo,,,18/09/2026 09:23
efe76aff-8c68-4ca5-9270-82345d90ec86,reflected.design,available,3.99,58.49,high,medium,9,namesilo,,,09/09/2026 12:37
2577ad04-090c-4565-ba6a-f9c48f8c1576,bleeder.design,available,58.49,58.49,medium,low,7,namesilo,,,24/09/2026 05:24
1262961a-796c-4742-b622-4bf2e01c4ca6,lagger.design,available,3.98,68.98,medium,low,6,namecheap,,,22/08/2026 18:42
83eb0cc6-4b3c-4163-abae-bf808fa4e4ff,civil.design,premium,422.5,845,high,low,5,namecheap,,,12/08/2026 09:03
552069ed-b6aa-4c6d-9cb9-60774e518b7c,exact.design,premium,302.5,302.5,high,low,5,namesilo,,,24/09/2026 15:46
7b0f9e72-5aa7-4fd1-a1b5-50e8a12fcdf3,alar.design,available,3.98,68.98,medium,low,4,namecheap,,,
6e9ab2c3-673f-4f61-a26f-405ba78e094f,athelstan.design,available,12.98,68.98,medium,low,9,namecheap,,,20/09/2026 20:33
729d1310-afa2-4217-9abf-7941f28024ee,tenner.design,available,58.49,58.49,medium,low,6,namesilo,,,21/09/2026 10:53
53d017bc-5a63-480b-b095-339f7b6f92d0,agitation.design,available,12.98,68.98,medium,low,9,namecheap,,,17/09/2026 18:06
bfc97772-de4f-4906-94b3-b25991adae52,darned.design,available,12.98,68.98,medium,low,6,namecheap,,,10/08/2026 12:41
d2ffe747-8d26-462f-a0ed-4f439320fccd,saintly.design,available,3.98,68.98,high,low,7,namecheap,,,
ee207f8a-fa84-4ed8-ab24-030967ddfd5a,vicenary.design,available,3.99,58.49,medium,low,8,namesilo,,,13/09/2026 05:21
80b337d6-f0d3-45fe-8178-4c3a1e4ac758,distortion.design,available,3.99,58.49,high,low,10,namesilo,,,11/09/2026 21:55
c9c6ee39-eaf1-4745-bb5d-f488396234c7,iberia.design,available,58.49,58.49,medium,low,6,namesilo,,,28/09/2026 14:29
e2c5e575-147b-47f0-95ee-ea52d9004a18,vulvar.design,available,3.99,58.49,medium,low,6,namesilo,,,13/09/2026 07:29
bc4d0855-856e-4f88-bdbe-db544ec3bccc,rapacious.design,available,12.98,68.98,medium,low,9,namecheap,,,15/08/2026 05:26
04281f98-6786-4e56-8b3f-a0d2f28c34c1,fibre.design,available,19.99,,high,low,5,name.com,,,
ad03e658-f59a-47eb-8ddf-e70c9d9de6c8,piebald.design,available,3.99,58.49,medium,low,7,namesilo,,,03/09/2026 10:37
5409c7c4-1296-4a93-80bb-37884303dcd7,pianos.design,available,58.49,58.49,medium,low,6,namesilo,,,20/09/2026 09:12
4dfad702-ed21-46a0-8bb2-f4f3cf8ad7ea,inspect.design,resell,,,high,low,7,Dynadot Inc,09/05/2026 20:49,09/05/2027 20:49,26/09/2026 06:53
b481d4eb-c5b3-45a5-b76a-edc9f9a9b95a,ine.design,premium,116,116,medium,low,3,namesilo,,,28/09/2026 08:13
2025daa0-ccc1-44f2-8810-aec25dda093e,shasta.design,available,59.5,,medium,low,6,unstoppable,,,28/09/2026 14:55
e3259a33-25ea-40ee-9e41-f0f046be49e1,mtv.design,premium,116,116,high,low,3,namesilo,,,28/09/2026 03:45
fdbdec6d-7a29-4e2f-b717-067b4e19d8ee,economics.design,available,2.79,46.78,high,low,9,spaceship,,,28/09/2026 19:02
986add5f-3936-4898-8007-58994863e1df,basinet.design,available,58.49,58.49,medium,low,7,namesilo,,,22/09/2026 10:57
61d794fb-5d6e-404c-be44-f8f71ef68a00,discard.design,available,19.99,,high,low,7,name.com,,,
8ae491d0-9708-402d-956a-bda0a6be0e87,hear.design,available,19.99,,high,low,4,name.com,,,
cd44c32a-0799-406e-a776-3e24b1f2fb32,flavorous.design,available,12.98,68.98,medium,low,9,namecheap,,,18/08/2026 07:08
0cd2dc0a-360a-4baa-87a0-1e0384ee7721,indignant.design,available,3.98,68.98,medium,low,9,namecheap,,,22/08/2026 00:59
073a8a9e-f538-4500-b95c-b622151a664d,limiting.design,available,12.98,68.98,high,low,8,namecheap,,,23/09/2026 19:42
40fa7b65-bd9a-48b0-a9da-6f76fe2bbc71,volunteer.design,resell,,,high,low,9,Dynadot Inc,19/01/2026 21:29,19/01/2027 21:29,26/09/2026 10:02
a1a0dc2c-cfaf-422c-8820-2d840defc019,lugosi.design,available,58.49,58.49,medium,low,6,namesilo,,,23/09/2026 04:23
6339f7d5-d61d-4f3b-a3e5-cc9f1d744b19,positions.design,available,58.49,58.49,medium,low,9,namesilo,,,19/09/2026 00:35
50c8678f-dc4a-4da8-b832-ccf08792cf8e,coffeeberry.design,available,19.99,,high,low,12,name.com,,,
8a52a6e1-41c0-4d0b-a6cd-8af107ef2f0c,bryn.design,available,2.79,46.78,medium,low,4,spaceship,,,28/09/2026 07:45
eda343bd-a72f-4d56-902f-7ac25af78d43,blustery.design,available,12.98,68.98,medium,low,8,namecheap,,,10/08/2026 16:31
cd59ff11-0aa5-4ea3-9cbe-6a03bc5ad42f,chefs.design,available,59.5,68.98,medium,low,5,unstoppable,,,28/09/2026 08:37
b1b6549e-08ed-4933-97c2-f91058868607,resinated.design,available,3.99,58.49,medium,low,9,namesilo,,,09/09/2026 15:09
f0bc540b-f307-4fe4-a933-986ead1e21a2,antitank.design,available,12.98,68.98,medium,low,8,namecheap,,,05/08/2026 19:44
ba5dc05e-c17b-4823-bd07-d77d5d1df5a3,dominoes.design,available,58.49,58.49,high,low,8,namesilo,,,24/09/2026 23:28
07113119-1124-4e4b-9a8e-31ee21c00811,bends.design,available,12.98,68.98,high,low,5,namecheap,,,23/09/2026 07:50
85ed7109-f9c9-415c-87c8-cc3ec4c75f4d,michele.design,premium,302.5,302.5,high,medium,7,namesilo,,,27/09/2026 07:33
a9c50fde-315e-4875-9b4a-a090edc160d2,fanged.design,available,12.98,68.98,medium,low,6,namecheap,,,17/08/2026 22:05
4d5ee3a1-7d83-4d9c-93ad-c15a245e4586,takeaways.design,available,58.49,58.49,medium,low,9,namesilo,,,18/09/2026 05:02
e7581a26-f07f-4a4e-a72b-f688aa9be761,rep.design,premium,302.5,302.5,high,low,3,namesilo,,,
b21e364e-8b1c-4d89-a0fc-8e787eca5532,silver.design,resell,325,325,high,low,6,"GoDaddy.com, LLC",03/05/2026 18:50,03/05/2027 18:50,26/09/2026 09:02
b5af04b0-36a4-42db-ad40-1031b0283b9e,estelle.design,premium,116,116,medium,low,7,namesilo,,,29/09/2026 03:59
ae92cad0-3e7d-48c7-8e0d-32c0fa49297c,importance.design,available,19.99,,high,low,10,name.com,,,
65dc8ee4-ba9a-4319-aeca-f5faf1477c55,verbose.design,available,3.98,68.98,medium,low,7,namecheap,,,24/08/2026 09:27
26e2a73b-e624-4af2-9420-d23270ad0282,alluvium.design,available,58.49,58.49,medium,low,8,namesilo,,,18/09/2026 12:20
90d9acdf-b50f-459b-a615-9aa11b765555,novelty.design,resell,,,high,low,7,,,,29/09/2026 02:33
8ee8cfc2-4e85-411a-af1a-1cfefd617364,kettering.design,available,58.49,58.49,medium,low,9,namesilo,,,29/09/2026 06:20
854d4e13-a994-4851-97cb-173d813b2b34,amundsen.design,available,58.49,58.49,medium,low,8,namesilo,,,19/09/2026 00:12
f9da2df3-5e6f-45f5-85bc-dd5039b118cc,boxlike.design,available,12.98,68.98,medium,low,7,namecheap,,,10/08/2026 23:56
93e1a85f-61bd-4e0b-b959-fa994035e37f,indefinitely.design,available,2.79,46.78,medium,low,12,spaceship,,,28/09/2026 22:50
297da9d9-e757-4f4d-a0cf-bf762ea550d4,atheneum.design,available,58.49,58.49,medium,low,8,namesilo,,,20/09/2026 20:41
0ee1d023-05be-47bc-b5d6-3d2d95365445,overhang.design,available,12.98,68.98,medium,low,8,namecheap,,,09/08/2026 08:28
b2372d5a-47cb-4c8c-8f66-30face965049,cfo.design,premium,116,116,high,low,3,namesilo,,,24/09/2026 13:41
8474cee4-17d0-466f-aeef-432d2d515e94,abjurer.design,available,58.49,58.49,medium,low,7,namesilo,,,16/09/2026 16:02
1d3d4317-52f7-47d6-a386-76f51db41cf3,chunky.design,available,12.98,68.98,high,low,6,namecheap,,,12/08/2026 07:44
d223b915-9451-4487-a67b-b9ff89c28710,studying.design,available,58.49,58.49,high,low,8,namesilo,,,25/09/2026 09:55
42b81bf9-0f8b-466f-a887-15c0341d2d33,aerobics.design,available,12.98,68.98,high,low,8,namecheap,,,17/09/2026 12:56
ccfa630a-3504-4fe9-9f98-28106200cc7a,facile.design,available,12.98,68.98,medium,low,6,namecheap,,,16/08/2026 06:16
716956b1-a3b8-46a8-b709-954f1f14006d,otiose.design,available,12.98,68.98,medium,low,6,namecheap,,,17/08/2026 20:56
edb3de9d-2025-484b-9786-b4190ea5aec9,fools.design,available,2.79,46.78,medium,low,5,spaceship,,,27/09/2026 23:44
1285816f-26ad-43d9-94b6-1ad738572671,righted.design,available,58.49,58.49,medium,low,7,namesilo,,,20/09/2026 15:58
04f40f60-d0e2-4bf5-b492-81b4dbe994bb,floaty.design,available,12.98,68.98,high,low,6,namecheap,,,11/08/2026 10:08
00f57694-f968-4f83-bc30-5d44f95f9177,gallium.design,available,58.49,58.49,medium,low,7,namesilo,,,20/09/2026 22:50
accd77d2-a156-4393-9bcd-2d9b86ac3a2e,fascinated.design,available,58.49,58.49,high,low,10,namesilo,,,24/09/2026 17:12
9ccfcfea-3ce5-41e8-b253-b82da70e1e00,censored.design,available,12.98,68.98,medium,low,8,namecheap,,,11/08/2026 23:47
2b5c8541-bafc-41f2-8b3e-a353ac6cb885,pecs.design,available,3.99,58.49,medium,low,4,namesilo,,,08/09/2026 12:11
357fea1c-36ad-44ae-81ff-f4b9c0f7737c,chickens.design,available,58.49,58.49,medium,low,8,namesilo,,,27/09/2026 22:56
d1183ed5-3786-43dc-b50f-05c093692672,kill.design,available,58.49,58.49,high,low,4,namesilo,,,24/09/2026 11:57
e3d0f795-c89d-42b0-9d1f-dd754df2ee73,infection.design,available,58.49,58.49,medium,low,9,namesilo,,,27/09/2026 04:34
e2a516d9-008c-4d39-bbd4-ff53a543b2e4,trepid.design,available,3.99,58.49,medium,low,6,namesilo,,,11/09/2026 16:07
dc343bac-9469-43c7-bf3a-7825a4df3add,conrad.design,premium,116,116,high,low,6,namesilo,,,25/09/2026 04:23
8017a0ac-0b84-47f0-b7f4-9475c8e7f2aa,basilicata.design,available,12.98,68.98,medium,low,10,namecheap,,,22/09/2026 10:50
c2543b79-4464-45e7-b621-ee67ec9f1e39,alchemic.design,available,3.98,68.98,medium,low,8,namecheap,,,
be4f6755-ab81-4b27-96fc-a98a3c7b694a,graves.design,premium,302.5,302.5,high,low,6,namesilo,,,28/09/2026 05:52
2d48046d-d929-4ebb-be47-5c95a1fd527d,devilish.design,available,12.98,68.98,medium,low,8,namecheap,,,14/08/2026 05:06
4d1853a8-227d-49b4-ba04-52f99a57f66d,mitchell.design,premium,832,832,high,low,8,namesilo,,,20/09/2026 11:03
35a67a7c-89d4-40c4-b855-510c000ff43d,anguis.design,available,58.49,58.49,medium,low,6,namesilo,,,19/09/2026 07:34
c108c476-09d0-4b82-b78e-97df0ff601fc,sinclair.design,premium,832,832,high,low,8,namesilo,,,25/09/2026 04:16
38e44d79-7c25-44f8-96bf-2de7d9c15e24,streamer.design,resell,,,high,low,8,Dynadot Inc,19/01/2026 22:04,19/01/2027 22:04,26/09/2026 09:20
ffe15be7-1fbc-43e1-b397-f6938af81c36,downgrade.design,available,58.49,58.49,medium,low,9,namesilo,,,24/09/2026 23:39
cd76db88-12e9-44cb-a241-578f88641d32,totemic.design,available,12.98,68.98,medium,low,7,namecheap,,,11/09/2026 18:10
cc9da654-ed89-492c-a6c9-5d576335d175,tunas.design,available,58.49,58.49,medium,low,5,namesilo,,,19/09/2026 22:09
d73e169c-48b0-4fd1-9e8d-44cb346a6d79,cheetos.design,available,58.49,58.49,high,low,7,namesilo,,,21/09/2026 04:04
9954079f-b89e-4973-91bb-897733da84bc,llp.design,premium,116,116,high,low,3,namesilo,,,
11357771-e54c-475d-b5cc-596995a0631a,havre.design,available,2.79,46.78,medium,low,5,spaceship,,,28/09/2026 03:56
1bb47192-ed29-434d-b835-008a82dfc54b,bruxelles.design,premium,302.5,302.5,high,low,9,namesilo,,,23/09/2026 04:57
8dc22b48-5d85-4cd5-949b-9c01cac64f3c,inured.design,available,12.98,68.98,medium,low,6,namecheap,,,17/08/2026 10:01
0a2142e7-34eb-4535-95bd-45a283aedb64,outlandish.design,available,12.98,68.98,medium,low,10,namecheap,,,10/08/2026 10:37
4cb1b1ba-df18-4fb2-8fe9-05d8d61bce94,olympics.design,premium,116,116,high,low,8,namesilo,,,
f789f73d-81e5-44bd-861d-cbbc84e84fd0,hemal.design,available,3.98,68.98,medium,low,5,namecheap,,,20/08/2026 21:41
1c32d9e0-18a2-4913-9e87-bdfd33f3cca6,capably.design,available,3.99,58.49,medium,low,7,namesilo,,,13/09/2026 16:22
4cf9e645-da1c-49ac-82fb-582af6c5bfef,allied.design,premium,116,116,high,low,6,namesilo,,,22/09/2026 01:28
799aa1d6-648c-4015-81a3-0ec005a68bbf,yeats.design,available,2.79,46.78,medium,low,5,spaceship,,,28/09/2026 15:32
6fc29c54-311c-45bf-903d-64dc38e7c56d,applecart.design,available,12.98,68.98,medium,low,9,namecheap,,,19/09/2026 21:32
4665b295-70b8-4fdd-8739-422fd9fdedc5,vitalizing.design,available,3.98,68.98,medium,low,10,namecheap,,,23/08/2026 01:35
f253d226-6c9b-41a7-aa08-aa049995de4a,relatively.design,available,45.2,45.2,medium,low,10,cloudflare,,,28/09/2026 14:14
f3042e93-be1f-4aea-9d27-3b04f7dbcb86,sigmoidal.design,available,3.99,58.49,high,medium,9,namesilo,,,10/09/2026 07:59
7f5bd34a-5d97-472f-9c9c-b0289096bdd3,foretell.design,available,58.49,58.49,high,low,8,namesilo,,,21/09/2026 03:34
2434e2ff-24bf-4df2-8682-53791d8f462e,strokes.design,available,58.49,58.49,medium,low,7,namesilo,,,29/09/2026 04:49
ec4e79c3-0269-4e7f-98c3-7bf3201f304f,naturistic.design,available,3.99,58.49,medium,low,10,namesilo,,,03/09/2026 13:59
b1711c8b-4137-4789-bafc-b9606189bde5,hurried.design,available,3.98,68.98,medium,low,7,namecheap,,,21/08/2026 15:45
d8d7d294-e597-47c1-8c1f-5943c7b057d4,tcp.design,premium,100.5,,high,low,3,unstoppable,,,28/09/2026 03:08
9b65547a-1047-4cd3-b476-a1f104f71444,alberta.design,premium,116,116,high,low,7,namesilo,,,18/09/2026 02:45
6bdce9c2-870e-4928-b99c-aebe13254120,fawning.design,available,12.98,68.98,medium,low,7,namecheap,,,10/08/2026 19:43
924eae9a-6f06-4611-b3eb-ee21cba3a51f,calculous.design,available,12.98,68.98,medium,low,9,namecheap,,,11/08/2026 14:05
14340adc-f38e-45b2-a251-6fc777d1406f,rancid.design,available,3.99,58.49,high,medium,6,namesilo,,,09/09/2026 10:12
65f76950-2a68-4530-9057-d932907b033a,loosely.design,available,45.2,45.2,medium,low,7,cloudflare,,,28/09/2026 13:33
112a7a98-199b-4ca0-9afc-4e9cbf405c2b,aggression.design,available,58.49,58.49,medium,low,10,namesilo,,,17/09/2026 17:29
9c54c1a2-df13-4c02-b555-fcb81951e593,achene.design,available,58.49,58.49,medium,low,6,namesilo,,,17/09/2026 00:28
9c848de7-8d6b-4305-88a7-964fb54e9953,ram.design,premium,302.5,302.5,high,low,3,namesilo,,,20/09/2026 05:25
3022a863-0eb3-4aef-9580-5e51582c4060,endogenic.design,available,12.98,68.98,medium,low,9,namecheap,,,17/08/2026 01:13
ae5261c8-7da6-4a99-87a9-7fb89968e7f3,bedhead.design,available,4.99,,medium,low,8,name.com,,,
06a6cf1b-1bda-4b3c-8098-c664742d446c,outflank.design,available,12.98,68.98,medium,low,8,namecheap,,,09/08/2026 17:48
bce6fe68-ee66-4b8d-8381-3bb79b252fab,tornadoes.design,available,58.49,58.49,medium,low,9,namesilo,,,16/09/2026 14:14
27d74b9b-a004-4587-a323-f4f8a3af3d0f,childlike.design,available,12.98,68.98,high,low,9,namecheap,,,12/08/2026 05:12
013c9f4c-43e4-4b6f-8630-8ff9748c230e,bunchy.design,available,12.98,68.98,medium,low,6,namecheap,,,11/08/2026 09:55
fbed631d-bad8-48f7-a42b-1aadda24590e,rockbound.design,available,12.98,68.98,medium,low,9,namecheap,,,09/09/2026 18:10
85ea43a3-f4bb-47d9-aa65-925b04ff4e77,hoard.design,available,12.98,68.98,medium,low,5,namecheap,,,12/08/2026 16:57
3d0a498c-68c2-496c-84ec-43584ddf0800,lividity.design,available,58.49,58.49,medium,low,8,namesilo,,,17/09/2026 00:59
ac6b8876-71fa-4f4b-9def-162f7669905c,dam.design,premium,,,high,low,3,,,,29/09/2026 00:35
1b9476da-2efe-406d-83b4-c99f0ea15e4e,labile.design,available,3.98,68.98,medium,low,6,namecheap,,,22/08/2026 17:32
b458e4be-5e58-4ff4-a29a-c1e789a78e08,foyer.design,premium,116,116,high,low,5,namesilo,,,19/09/2026 12:45
2eabd607-6670-4998-ab19-635ec874c171,communicating.design,available,45.2,45.2,medium,low,13,cloudflare,,,28/09/2026 17:54
c226728e-3190-40e6-a013-e0ec350d1b39,wisconsin.design,premium,116,116,high,low,9,namesilo,,,21/09/2026 17:10
dac02fb6-5736-43b2-b301-80cdce3a3ef2,tommyrot.design,available,58.49,58.49,medium,low,8,namesilo,,,21/09/2026 23:53
9a005c9f-d356-4d80-a649-aa70cd7f9d7c,singing.design,available,12.98,68.98,high,low,7,namecheap,,,11/08/2026 17:40
4aacf259-cefe-474a-a4fe-480a4b7c477e,pulls.design,available,58.49,58.49,medium,low,5,namesilo,,,16/09/2026 23:15
38357efa-17fa-4c9a-b353-9407041c59bf,avoided.design,available,58.49,58.49,low,low,7,namesilo,,,29/09/2026 05:05
da67c725-7826-45e8-8514-8304bd970c3f,length.design,available,19.99,,high,low,6,name.com,,,
83d7f532-46de-49d1-8738-698340f2e240,arachnid.design,available,12.98,68.98,medium,low,8,namecheap,,,19/09/2026 23:40
58d19a74-6258-4ecd-bd8a-0f4e1911b091,spousal.design,available,12.98,68.98,high,low,7,namecheap,,,11/08/2026 03:56
add08bda-1114-44f0-ab7d-a443f9382888,texted.design,available,58.49,58.49,medium,low,6,namesilo,,,20/09/2026 17:16
7dad0eaa-61fb-4be4-91e2-4c28a7289e74,unwilling.design,available,3.99,58.49,medium,low,9,namesilo,,,12/09/2026 22:40
baab8d5c-bb76-4641-a4ea-1ad5eb7115e5,whittier.design,premium,116,116,medium,low,8,namesilo,,,28/09/2026 10:10
68f817b0-34f4-4a6b-89e8-1131771b0a41,tender.design,premium,130,130,high,low,6,namecheap,,,21/09/2026 21:47
237c46db-ae89-44a4-9a43-ba4ceaa97bef,impure.design,available,3.98,68.98,medium,low,6,namecheap,,,21/08/2026 23:30
951b0e58-7ef9-4a57-8e0f-4648845368a6,tremulous.design,available,3.99,58.49,medium,low,9,namesilo,,,09/09/2026 07:46
968e746b-0cd9-4ea5-a49b-ab9bbb712587,attachment.design,available,59.5,,high,low,10,unstoppable,,,28/09/2026 18:30
731dc0d3-f6e2-4541-90a5-ffea5822e872,skinless.design,available,3.99,58.49,medium,low,8,namesilo,,,10/09/2026 09:42
40a7672a-1d75-48f0-9fa3-425d5f57592d,postmodern.design,available,3.99,58.49,high,low,10,namesilo,,,09/09/2026 00:29
5f251a26-9ceb-4a17-a39c-7c12c66d9b9b,xxxviii.design,available,3.98,68.98,medium,low,7,namecheap,,,
1aaa16b3-9dac-45a6-b896-d747d48c5905,allergy.design,premium,116,116,high,low,7,namesilo,,,28/09/2026 20:29
8d0f7e78-b76c-4632-b95f-b26fc3ba9aa9,antipodes.design,available,58.49,58.49,medium,low,9,namesilo,,,19/09/2026 14:59
21794a64-9656-458b-ba41-5c766295439e,admittance.design,available,58.49,58.49,high,low,10,namesilo,,,16/09/2026 22:13
f920602a-6d66-4118-95d8-1ba67308c34e,aptly.design,available,3.99,58.49,medium,low,5,namesilo,,,13/09/2026 16:19
4979d9bd-cd5e-4a8b-9734-3f9f9ea6638e,fitzgerald.design,premium,302.5,302.5,high,low,10,namesilo,,,25/09/2026 05:15
2b18d89b-c824-4a16-a351-9353bc939d30,uproarious.design,available,3.98,68.98,medium,low,10,namecheap,,,21/08/2026 09:23
71865b3b-cc62-469e-9adc-fb0f2468a2c1,westside.design,premium,302.5,302.5,high,low,8,namesilo,,,13/09/2026 11:00
50e4de0e-34a7-4d62-9cc5-2114bce81b50,detoxify.design,available,19.99,,high,low,8,name.com,,,
7addb4bd-1fea-4e14-8ad7-580fbd6190ce,roofless.design,available,12.98,68.98,medium,low,8,namecheap,,,14/08/2026 12:09
35550a11-5a18-423a-9452-ab3343564404,whips.design,available,58.49,58.49,medium,low,5,namesilo,,,17/09/2026 19:42
49d14f5e-d678-4ca9-ac42-12f292fb521a,unalarming.design,available,3.99,58.49,medium,low,10,namesilo,,,12/09/2026 00:14
6441b625-56f8-42f6-b39c-5291cb93f013,eeg.design,premium,103.7,103.7,high,low,3,spaceship,,,28/09/2026 19:03
213707f8-8c39-483b-852e-f7ba2be58556,immunized.design,available,3.98,68.98,medium,low,9,namecheap,,,21/08/2026 21:30
2f297fe2-1d75-4e0b-805b-fe8f6005fdc5,tiddly.design,available,3.99,58.49,medium,low,6,namesilo,,,11/09/2026 15:36
af103137-0fae-4b37-9a32-de49f1894b40,honors.design,available,59.5,,medium,low,6,unstoppable,,,28/09/2026 13:12
7ff6c0a3-add3-45b1-b79c-dc13457a08ff,juvenile.design,available,3.98,68.98,high,low,8,namecheap,,,22/08/2026 14:58
395f700e-6f58-4f27-989e-fc70768e5b2e,notified.design,available,58.49,58.49,medium,low,8,namesilo,,,28/09/2026 05:08
8f77749d-aef8-41ce-94cf-dfaacd9d1dac,innovate.design,premium,258.95,258.95,high,low,8,spaceship,,,29/09/2026 02:37
a83fa620-4fb8-47d0-99fb-ab5f6b4cd03b,herbal.design,premium,65,130,high,low,6,namecheap,,,21/08/2026 06:58
949a4c1d-ef2b-43fd-838c-1ed4fcbddfdc,overwhelming.design,available,2.79,46.78,high,low,12,spaceship,,,28/09/2026 07:20
b266f30d-adbb-44b5-a836-9df8c325273d,inutile.design,available,3.98,68.98,medium,low,7,namecheap,,,22/08/2026 08:54
726835e0-e881-4295-9157-574f87d204a2,slit.design,available,3.99,58.49,high,medium,4,namesilo,,,09/09/2026 06:39
d94264c2-4686-4e12-ada3-77fe68fa30b0,exam.design,premium,130,130,high,low,4,namecheap,,,27/09/2026 03:51
bcc75af6-0b45-4d9d-9792-1ccba3829f60,nutcase.design,available,12.98,68.98,medium,low,7,namecheap,,,13/08/2026 05:36
d2190d93-045d-4d0d-adbe-417e9a04bf51,updates.design,available,58.49,58.49,medium,low,7,namesilo,,,20/09/2026 08:39
c56eb637-75d9-4b40-a686-47d383b3dcee,wandered.design,available,58.49,58.49,medium,low,8,namesilo,,,18/09/2026 02:36
518b4db8-d031-43d6-a955-2a6deaac7f26,acne.design,available,2.79,46.78,medium,low,4,spaceship,,,28/09/2026 17:51
c8f390c7-598f-4105-b800-d0a0d1de2039,prostitution.design,available,59.5,,medium,low,12,unstoppable,,,28/09/2026 17:12
6b2cf3f1-0974-4898-8972-54dbce14f3a9,gravy.design,available,58.49,58.49,high,low,5,namesilo,,,24/09/2026 11:11
d2d2cf7c-eae6-4c27-a077-de8dc5f77ee5,stamford.design,premium,116,116,high,low,8,namesilo,,,25/09/2026 16:33
442fe5f2-e405-4bde-8dbe-d86dfce26606,bothersome.design,available,12.98,68.98,medium,low,10,namecheap,,,
7026a3a1-ca32-41ae-885e-ff04894227f1,dormie.design,available,12.98,68.98,medium,low,6,namecheap,,,14/08/2026 16:21
5fb4bb1c-95d0-4653-9802-226f47515f26,barrels.design,available,58.49,58.49,high,low,7,namesilo,,,22/09/2026 08:23
41d07ecd-1261-48ac-b85c-0494160a8f9e,fodder.design,available,3.98,68.98,medium,low,6,namecheap,,,24/09/2026 12:05
2832f1bb-e81d-419c-8fc4-9910c35a6916,dominance.design,available,45.2,45.2,high,low,9,cloudflare,,,28/09/2026 22:25
2bf9dd88-4f4d-4120-9f93-5b6830992fd2,ignited.design,available,12.98,68.98,high,low,7,namecheap,,,17/08/2026 09:20
f08199e7-b4a3-44ed-b831-0c70176df8cb,cheery.design,available,12.98,68.98,high,low,6,namecheap,,,12/08/2026 03:56
b028e574-1d99-4b90-b692-2b5286549719,reflexes.design,available,58.49,58.49,medium,low,8,namesilo,,,19/09/2026 23:46
740a068c-a7d0-40d3-be3c-b9b941eb535d,olfactive.design,available,3.99,58.49,medium,low,9,namesilo,,,04/09/2026 02:13
b788fade-9cc6-405b-a81c-d07d4cc32074,haley.design,premium,116,116,high,low,5,namesilo,,,18/09/2026 05:45
72826cbf-d390-4eb2-a617-b7d7cb2ec2fb,pollution.design,available,58.49,58.49,medium,low,9,namesilo,,,23/09/2026 02:05
71865ed2-4ea8-4f52-890b-90de95764097,bellflower.design,available,12.98,68.98,medium,low,10,namecheap,,,23/09/2026 06:06
7865fa69-d067-4c69-9dab-d8e5b36f6859,damian.design,premium,109.69,109.69,medium,low,6,porkbun,,,28/09/2026 21:56
c60b788c-9e93-41a8-b720-07c44e67c967,dogfight.design,available,12.98,68.98,high,medium,8,namecheap,,,09/09/2026 18:56
47f8d46c-ebad-49f6-b0b2-895dfbb72e80,disney.design,available,,,high,high,6,,,,
60be2c89-e51a-4c65-9dd0-eb744116aae8,heterodyne.design,available,3.98,68.98,medium,low,10,namecheap,,,21/08/2026 07:29
d8e1e54d-9a0c-4682-8f47-8496978ddb17,albizzia.design,available,58.49,58.49,medium,low,8,namesilo,,,18/09/2026 03:00
9bd3bb9b-78a3-412f-87c7-d84edd94fd46,manlike.design,available,3.98,68.98,medium,low,7,namecheap,,,24/08/2026 14:48
06e26853-f781-4236-892d-60eaa152a64e,unfixed.design,available,3.99,58.49,medium,low,7,namesilo,,,12/09/2026 10:28
27a5a99e-6022-404e-a12c-307168a37c54,funicular.design,available,12.98,68.98,medium,low,9,namecheap,,,18/08/2026 18:41
c26b7fa8-5c1a-486b-8c85-1e09eef75d91,enduring.design,available,,,high,low,8,,,,
f4f5bd37-e2e9-4a5e-b26e-848017b16675,theatrical.design,available,3.99,58.49,high,low,10,namesilo,,,11/09/2026 12:33
42d60069-0bb9-4cc9-8041-edb77cd38383,atrip.design,available,12.98,68.98,low,low,5,namecheap,,,07/08/2026 14:33
c617c05b-972d-4f6d-b17b-58c9e17f18ff,bracelet.design,premium,312.5,312.5,high,low,8,name.com,,,22/09/2026 01:56
a9b3e1ac-7810-4967-8908-c956e4284fe1,bonneville.design,available,2.79,46.78,medium,low,10,spaceship,,,28/09/2026 16:50
80b26777-e486-46e6-97a6-c318d650d278,goes.design,available,58.49,58.49,high,low,4,namesilo,,,25/09/2026 16:38
82ecdb6c-1573-4829-a24f-3986e044c323,upwardly.design,available,3.99,58.49,medium,low,8,namesilo,,,12/09/2026 22:57
a01361a4-a9a1-46df-b090-aa5d5b887dd6,benzocaine.design,available,12.98,68.98,medium,low,10,namecheap,,,23/09/2026 08:58
e6bf051e-82ee-408c-ac42-dfc787f0c8b4,agnatic.design,available,3.98,68.98,medium,low,7,namecheap,,,
33c6bf30-4917-4473-a02c-914aac864e5d,bernie.design,premium,302.5,302.5,medium,low,6,namesilo,,,27/09/2026 10:13
d662dd1e-6ef6-45d5-9e17-3dfe9b8b1fca,sweating.design,available,3.98,68.98,medium,low,8,namecheap,,,28/09/2026 13:54
100e30bb-7ebb-432f-840c-682eadf3c175,backchat.design,available,58.49,58.49,medium,low,8,namesilo,,,21/09/2026 15:20
44f945f6-0c76-450f-924a-19e2e4509c0a,muhammad.design,available,58.49,58.49,medium,low,8,namesilo,,,28/09/2026 13:59
17c3a70c-8235-48b7-b03f-b9035e572a54,escaping.design,available,45.2,45.2,high,low,8,cloudflare,,,28/09/2026 21:14
8b119d2a-b358-4bbe-8636-137ad0426f6e,trusts.design,available,59.5,,medium,low,6,unstoppable,,,28/09/2026 18:18
6538cacc-ef6f-4c3c-af07-b0651047a0ad,baltic.design,premium,162.5,325,high,low,6,namecheap,,,08/08/2026 10:41
b3180f9b-ff92-42dc-a174-1bb1346bc5f3,stepfather.design,available,10.81,46.86,medium,low,10,porkbun,,,29/09/2026 02:13
b770447f-e07b-43ae-a684-9dc9a3b048f9,dogfish.design,available,12.98,68.98,high,low,7,namecheap,,,18/09/2026 21:24
b0b76cc2-def7-4ed3-aed7-dc7d2654ed7f,aweigh.design,available,12.98,68.98,low,low,6,namecheap,,,07/08/2026 14:29
6b9e3c12-f118-4e57-88b0-e8d1edca9d65,truculent.design,available,12.98,68.98,medium,low,9,namecheap,,,11/09/2026 20:29
b30cbbf7-50ee-4a32-81a8-48e79915994a,quite.design,available,58.49,58.49,high,low,5,namesilo,,,28/09/2026 16:35
1e5246d1-abc6-4614-b112-ec089e40b386,crocked.design,available,12.98,68.98,low,low,7,namecheap,,,09/08/2026 15:34
c4c8ae17-ac87-41bc-9ce9-438fbd32cc1c,albumen.design,available,12.98,68.98,medium,low,7,namecheap,,,18/09/2026 03:31
493d0487-974c-473a-9ae1-cf35ffea221b,involving.design,available,3.99,58.49,medium,low,9,namesilo,,,
09ff7c2a-b554-4bc5-a22a-cc9c3f03d7ab,dishcloth.design,available,58.49,58.49,medium,low,9,namesilo,,,24/09/2026 22:40
1afa0c14-95b2-4acc-ae69-8b92544b6741,shaking.design,available,58.49,58.49,medium,low,7,namesilo,,,28/09/2026 09:33
6381cdc4-b2a3-4af5-b33f-2b294c239c65,unbeknown.design,available,3.99,58.49,medium,low,9,namesilo,,,12/09/2026 01:47
2463de90-632f-4be4-a95a-0a2c988cd5e9,momentary.design,available,12.98,68.98,medium,low,9,namecheap,,,18/08/2026 07:54
a3ddee40-35ab-4a98-9b74-28db02a706e5,cathedra.design,available,12.98,68.98,medium,low,8,namecheap,,,23/09/2026 21:50
62f35dd8-6807-42a4-91cb-190d807299d3,world.design,resell,,,high,medium,5,,,,27/09/2026 08:03
fd68a2ff-6244-443e-b79b-3903abb97b2e,sidney.design,premium,116,116,high,low,6,namesilo,,,27/09/2026 05:44
f04704a7-3bde-4995-9a0b-3aa37bbd3244,shaving.design,available,10.81,46.86,medium,low,7,porkbun,,,28/09/2026 20:07
168c21ea-54bf-4ed2-8bc2-32ad7e9539b6,idolized.design,available,3.98,68.98,medium,low,8,namecheap,,,
c4d37104-945c-4487-877a-876aa7c7974a,superiors.design,available,2.79,46.78,medium,low,9,spaceship,,,29/09/2026 05:50
3ca2c787-91e8-498e-88b8-e93b2eab9015,aquarium.design,premium,2660,2660,high,low,8,namesilo,,,19/09/2026 23:02
79b05219-fe70-49ae-93c0-dc096da01cfe,inductive.design,available,3.98,68.98,medium,low,9,namecheap,,,22/08/2026 03:29
24296355-4f38-44fb-a817-92dffa3e3d3c,swop.design,available,19.99,80.99,high,low,4,name.com,,,22/09/2026 08:57
0916ec1b-4258-40ef-81e1-466fbace6af8,eagles.design,premium,100.5,,high,low,6,unstoppable,,,28/09/2026 16:13
55237593-3295-472f-a8cb-47dde56c93e4,exchanging.design,available,58.49,58.49,medium,low,10,namesilo,,,20/09/2026 00:55
cb60f358-144f-4c11-8e42-661d01b40978,oncologic.design,available,3.99,58.49,medium,low,9,namesilo,,,04/09/2026 14:25
af7c063a-e061-4285-a126-a61f06e8cd0e,balbriggan.design,available,12.98,68.98,medium,low,10,namecheap,,,21/09/2026 21:25
b26ebdd3-b7c4-4bcb-bded-eda5b57575c3,cheater.design,available,58.49,58.49,medium,low,7,namesilo,,,23/09/2026 02:30
535b36ca-c030-459b-b80a-28c605c1cef2,quaggy.design,available,12.98,68.98,medium,low,6,namecheap,,,10/08/2026 17:10
dbf295ac-2882-4532-972d-9370865f7fd2,stoneless.design,available,12.98,68.98,low,low,9,namecheap,,,10/09/2026 21:12
469f3299-e6c7-49d3-8a48-395ab2f8797d,communists.design,available,3.98,68.98,low,low,10,namecheap,,,28/09/2026 13:10
e9dd3862-fbed-4be9-a4ec-c3c960c4afa3,unbacked.design,available,3.99,58.49,high,medium,8,namesilo,,,10/09/2026 08:27
a2015e5c-bbad-4dd9-9b4c-d481d5c1b126,wailing.design,available,3.98,68.98,medium,low,7,namecheap,,,22/08/2026 19:04
55b90bd3-4240-4c6d-b931-27e6ebc785a0,pommel.design,available,12.98,68.98,medium,low,6,namecheap,,,23/09/2026 13:53
a491151f-3611-432a-bac8-feb6910e8cc6,nurses.design,available,58.49,58.49,medium,low,6,namesilo,,,28/09/2026 08:12
31743569-3669-4e74-b940-eb51eb910433,arikara.design,available,12.98,68.98,medium,low,7,namecheap,,,20/09/2026 05:16
b294d25d-d58c-4c16-9676-29d294b5b8d1,deserving.design,available,12.98,68.98,high,low,9,namecheap,,,14/08/2026 03:29
60f079bd-868e-4c86-953e-2890bec837a4,goshawk.design,available,58.49,58.49,medium,low,7,namesilo,,,16/09/2026 22:31
7dad9cca-1384-42ed-a0a8-9130f4374904,ambiguity.design,available,58.49,58.49,medium,low,9,namesilo,,,18/09/2026 16:43
53e814fb-0795-4139-9e98-16835cb55642,pawpaw.design,available,58.49,58.49,medium,low,6,namesilo,,,20/09/2026 14:11
58edf8c3-4ef7-4abd-8f17-257e6c4a346d,buyers.design,available,59.5,,medium,low,6,unstoppable,,,29/09/2026 05:47
8c610a35-8f0f-487f-afb2-ca0b34cc0bc1,lipstick.design,available,58.49,58.49,high,low,8,namesilo,,,28/09/2026 02:36
f91f65e7-cbb0-4ccc-8e0d-2d749a2c728b,invasion.design,available,2.79,46.78,high,low,8,spaceship,,,27/09/2026 13:26
20d822ae-3526-407f-a7f3-44c0cb306ed6,marietta.design,available,10.92,48.37,high,low,8,dynadot,,,28/09/2026 04:02
5f30eea4-de59-4ef3-bc10-16313403268a,satiable.design,available,3.99,58.49,medium,low,8,namesilo,,,09/09/2026 21:37
fe682d0c-e86a-4694-b8ff-70def4b528b2,claremont.design,available,58.49,58.49,high,low,9,namesilo,,,27/09/2026 08:22
32b1c412-a74c-4967-ba5e-8c1f8dbf0c6e,deputy.design,available,19.99,,high,low,6,name.com,,,
bcf04cc7-ab31-4654-960a-251c44ef9155,mingy.design,available,3.98,68.98,low,low,5,namecheap,,,24/08/2026 23:43
2010ed88-94a4-432a-9e28-1f6675ede517,southeast.design,available,2.79,46.78,low,low,9,spaceship,,,28/09/2026 08:19
fb80f38e-1ab4-45c5-bde4-3edecc2f86ac,bonner.design,available,2.79,46.78,high,low,6,spaceship,,,28/09/2026 07:28
30cac13d-a5a1-4eee-8978-d0a2fb5dc549,lxxxiv.design,available,3.98,68.98,medium,low,6,namecheap,,,
698615ef-632f-48d6-8389-9d93c139d559,taped.design,available,3.99,58.49,medium,low,5,namesilo,,,11/09/2026 08:15
db554bdf-d3ae-4356-bccd-1a81f7ed91a8,acherontic.design,available,3.98,68.98,low,low,10,namecheap,,,
3c0acdfd-e232-4f85-9495-9673a9300a62,pictures.design,available,58.49,58.49,high,low,8,namesilo,,,25/09/2026 16:28
a07a13be-3066-4945-8ed5-16b063494d95,ashland.design,available,58.49,58.49,high,low,7,namesilo,,,27/09/2026 08:14
260d6e5b-f587-48f5-8c5c-f9852baaba52,jeans.design,premium,672.95,672.95,medium,low,5,spaceship,,,28/09/2026 12:09
73e32288-dabe-4093-bceb-8a6ba3098cb0,aiming.design,available,58.49,58.49,high,low,6,namesilo,,,28/09/2026 07:21
425aa5ac-a69a-4508-9b2e-927e51d2d349,candent.design,available,12.98,68.98,medium,low,7,namecheap,,,11/08/2026 16:37
94dfe627-e701-4aa6-94d9-e2f25141597b,wear.design,premium,325,325,high,low,4,namecheap,,,27/09/2026 08:43
4d063b44-b0d3-4686-a3b2-b82a8a40d488,crazily.design,available,12.98,68.98,medium,low,7,namecheap,,,14/09/2026 09:15
0a262e9b-fba2-4021-b3c4-a092b27f56ed,lumpy.design,available,12.98,68.98,medium,low,5,namecheap,,,12/08/2026 07:46
7ce82815-8c70-4a3c-b39b-03deb6664fd1,arhant.design,available,58.49,58.49,medium,low,6,namesilo,,,20/09/2026 05:07
8e908b4f-8f8b-4a04-a38d-d7b7a3c4b82c,balkan.design,premium,116,116,high,low,6,namesilo,,,21/09/2026 22:14
5ce1404f-5e9d-44ff-a8b5-5f78e85dadfa,nevada.design,premium,302.5,302.5,high,low,6,namesilo,,,29/09/2026 01:35
eb5e7b37-0e8f-48f0-b437-e261317ff86c,malignant.design,available,3.98,68.98,medium,low,9,namecheap,,,24/08/2026 14:08
204bb8d9-2fdf-4de5-a02c-f6aa305293d2,thither.design,available,58.49,58.49,medium,low,7,namesilo,,,16/09/2026 08:57
bb2fda5e-29f8-49a5-8d33-77a1fe0c9a06,eat.design,premium,302.5,302.5,high,low,3,namesilo,,,
dfdc8f76-f620-4054-ba32-0457c208bbc6,rays.design,available,58.49,58.49,high,medium,4,namesilo,,,28/09/2026 13:03
d6ea89b4-4640-493d-9fee-f1ea5b380aa1,inundated.design,available,12.98,68.98,medium,low,9,namecheap,,,08/08/2026 00:29
97762152-1788-47b8-bcf4-89592292b0b1,bagging.design,available,12.98,68.98,medium,low,7,namecheap,,,21/09/2026 18:06
8ed5cc48-d6da-4dc2-8b07-86a1f04e0a25,preanal.design,available,3.99,58.49,high,medium,7,namesilo,,,09/09/2026 01:09
5db9d729-e5ce-4244-bcb9-e502f6dceab5,ticklish.design,available,3.99,58.49,medium,low,8,namesilo,,,11/09/2026 15:33
4a5fdebb-0e9f-46ee-b09b-c0d2806830a2,weakening.design,available,19.99,80.99,medium,low,9,name.com,,,13/08/2026 20:44
f717796b-f8c8-4a8b-859e-f7bf25808d00,jilted.design,available,3.98,68.98,medium,low,6,namecheap,,,22/08/2026 13:23
dcc7d758-dbed-4f3e-9318-bbeb0229a462,guy.design,premium,302.5,302.5,high,low,3,namesilo,,,24/09/2026 02:27
8ad4e622-4e06-4cfa-b63a-3ca665db3000,aversion.design,available,58.49,58.49,medium,low,8,namesilo,,,19/09/2026 14:54
95c22d60-73d8-4193-8d1a-98958e51e221,winy.design,available,3.99,58.49,medium,low,4,namesilo,,,13/09/2026 12:25
4ce7f9b5-6c54-4fb9-93ae-35657cd9743d,georgetown.design,available,58.49,58.49,high,low,10,namesilo,,,25/09/2026 16:59
4906e126-5576-4a03-8adc-f54074149887,bessemer.design,available,58.49,58.49,high,low,8,namesilo,,,23/09/2026 10:28
911c23fc-3a9b-4f65-a0fe-766ea0bd6c66,bangor.design,available,58.49,58.49,high,low,6,namesilo,,,22/09/2026 01:58
eed42638-44d1-4ae3-a758-f4e4acd850bd,fogged.design,available,12.98,68.98,medium,low,6,namecheap,,,18/08/2026 09:51
3305c910-c5c0-4da2-a93a-b37d89680c22,malar.design,available,3.99,58.49,medium,low,5,namesilo,,,13/09/2026 15:43
fb1a1124-f158-4f33-ae38-926f57093a63,reconsider.design,available,45.2,45.2,medium,low,10,cloudflare,,,28/09/2026 20:52
c74c796b-5f59-4d2b-a038-46d5898917a5,claiming.design,available,58.49,58.49,high,low,8,namesilo,,,28/09/2026 11:29
904725f5-826f-4bcd-9aab-f564d67fc56e,paddlefish.design,available,12.98,68.98,medium,low,10,namecheap,,,14/08/2026 20:48
c6fc1bcd-3954-4768-b877-f7c9bf704c52,photographs.design,available,3.98,68.98,medium,low,11,namecheap,,,27/09/2026 09:34
b47d414f-0098-4fe4-9677-918644c1a14f,defendant.design,available,58.49,58.49,medium,low,9,namesilo,,,27/09/2026 03:41
fe1ddd55-f3df-41e6-99e8-a4b02b82438c,translating.design,available,12.98,68.98,medium,low,11,namecheap,,,17/09/2026 20:51
7b9c5108-49da-4cec-be4f-8ed08ef0bcad,snowy.design,available,3.99,58.49,high,medium,5,namesilo,,,10/09/2026 12:44
6266a791-e00e-4501-a663-7f121e8cdd7d,lavishly.design,available,12.98,68.98,medium,low,8,namecheap,,,15/09/2026 11:03
6e81e2aa-4c56-4a8f-8612-b2e5cb746ab4,org.design,premium,2500,,high,medium,3,name.com,,,
cd1ec968-5e32-43e5-ad7a-a4d89fb94344,rimbaud.design,available,58.49,58.49,high,low,7,namesilo,,,20/09/2026 11:03
fb536759-f472-4155-be6a-831eb2046dc7,banning.design,available,12.98,68.98,medium,low,7,namecheap,,,18/08/2026 11:11
2615101e-5af8-48fd-a738-533db6f6ee26,suicidal.design,available,3.99,58.49,medium,low,8,namesilo,,,10/09/2026 02:02
2b93ce80-926d-4b23-9aa1-6c91093a5547,banditry.design,available,58.49,58.49,medium,low,8,namesilo,,,22/09/2026 01:24
9183c8aa-eb3c-4dea-b5b5-ab5999f5bfec,compensation.design,available,45.2,45.2,high,low,12,cloudflare,,,29/09/2026 04:39
4f8d77ec-15de-4060-a0d4-2d81c610da06,similar.design,available,3.98,68.98,high,low,7,namecheap,,,
dbf06f06-1246-4d17-a142-05239afea0a2,squarely.design,available,12.98,68.98,medium,low,8,namecheap,,,18/08/2026 12:39
b6cf44e5-b1df-42e0-aaae-61e68870f184,enliven.design,available,58.49,58.49,high,low,7,namesilo,,,22/09/2026 04:56
624cbddb-340b-4c77-be38-c874b733f417,utmost.design,available,58.49,58.49,high,low,6,namesilo,,,24/09/2026 17:09
25cfe8e7-780c-4e6b-91c7-985ebc22563a,resole.design,available,3.99,58.49,medium,low,6,namesilo,,,10/09/2026 13:33
30a7cc59-c7e9-4d60-ae7d-8663185ed094,eloquently.design,available,12.98,68.98,medium,low,10,namecheap,,,13/09/2026 20:54
789435e0-3211-4981-bb51-03be25db21a1,liaison.design,available,12.98,68.98,high,low,7,namecheap,,,17/09/2026 14:03
36c88364-5c65-4ea4-84a1-3cf97b189b55,consideration.design,available,2.79,46.78,high,low,13,spaceship,,,28/09/2026 04:23
77e02f46-fb2d-41a0-8880-1d07b7dba199,specialized.design,premium,302.5,302.5,high,low,11,namesilo,,,
b182da61-ebd1-4983-8c1c-df6e32ca2c16,elegantly.design,available,12.98,68.98,medium,low,9,namecheap,,,14/09/2026 15:17
6f0355ea-a233-490b-a5c4-bd100f1300f2,waxwork.design,available,12.98,68.98,medium,low,7,namecheap,,,18/09/2026 19:16
0e60d032-ca1c-4be5-8524-ab13d9c87ec5,isthmian.design,available,3.98,68.98,medium,low,8,namecheap,,,22/08/2026 11:34
5788146d-1e1d-4666-a9cc-257d417db9db,mendacious.design,available,3.98,68.98,medium,low,10,namecheap,,,24/08/2026 20:04
79115b94-17c9-4cbc-bfbb-2ccc4280d90f,crashed.design,available,3.98,68.98,low,low,7,namecheap,,,27/09/2026 11:29
97c20af2-5327-48e6-bd4d-137d6ffadf8b,oversized.design,available,3.99,58.49,high,low,9,namesilo,,,04/09/2026 19:45
b8e444da-0c69-465b-b475-ecf7cbf1cb60,characteristics.design,available,3.99,58.49,medium,low,15,namesilo,,,
d405c2dc-0c23-40c1-a85b-10908d397096,waybill.design,available,12.98,68.98,medium,low,7,namecheap,,,23/09/2026 16:05
ac022710-077a-4256-89da-eb33242eb915,helium.design,premium,116,116,high,low,6,namesilo,,,20/09/2026 22:31
a9d93b46-e116-4a32-8791-bddcb6d01dd0,ciliate.design,available,12.98,68.98,medium,low,7,namecheap,,,12/08/2026 08:06
ade23f86-29a0-477e-aa50-059fadf48116,shake.design,available,3.98,68.98,high,low,5,namecheap,,,25/09/2026 06:52
e6f45e13-bb7e-460e-bd03-7086e3415122,presumable.design,available,3.99,58.49,high,medium,10,namesilo,,,09/09/2026 01:45
7e7cbf41-e008-4088-b3f8-73ed78a60ccc,blacksmith.design,available,58.49,58.49,high,low,10,namesilo,,,24/09/2026 03:09
8f083fb5-3d8e-445e-b22b-03275a86b096,victim.design,available,19.99,,high,low,6,name.com,,,
a4e848f8-d920-4f12-a59e-4dde19f005e5,comedo.design,available,58.49,58.49,medium,low,6,namesilo,,,24/09/2026 02:47
d85a4c8e-d0b2-4a22-9080-e5ede2b04d92,participants.design,available,12.98,68.98,medium,low,12,namecheap,,,18/09/2026 04:57
6b4b32ff-ab92-4590-8dbf-5b7a6d00a2d2,digitiser.design,available,58.49,58.49,high,low,9,namesilo,,,19/09/2026 01:52
29a037f9-fccb-4b52-a174-5b8d843b61fd,contrabass.design,available,12.98,68.98,medium,low,10,namecheap,,,12/08/2026 23:28
db7dfdad-8dfa-4f8a-8bb4-b2266fdb0e41,roofs.design,premium,302.5,302.5,medium,low,5,namesilo,,,
3535677a-89ae-4e2e-88bd-0f93f8ada788,wheel.design,resell,,,high,low,5,Porkbun,17/02/2026 23:58,17/02/2027 23:58,27/09/2026 03:13
bf19c8fe-32c2-4a1b-830a-850a3c7cd7ef,forgive.design,available,19.99,,high,low,7,name.com,,,
730d8389-e23e-4f14-8881-34a8ea36b639,faithfully.design,available,12.98,68.98,high,low,10,namecheap,,,14/09/2026 11:42
0dd9ee82-c4e2-4cbe-b197-ce3f0ab39bff,californian.design,premium,812.5,,high,low,11,name.com,,,
c2247576-8925-4c2b-b584-24d26bc2d281,tiered.design,available,3.99,58.49,medium,low,6,namesilo,,,11/09/2026 15:49
35823d57-e22a-49e8-8bc9-938fc66062b8,obeisance.design,available,12.98,68.98,high,medium,9,namecheap,,,10/08/2026 23:35
d0310547-84d0-4919-995e-e9b7a556a2c9,stalls.design,available,12.98,68.98,medium,low,6,namecheap,,,10/09/2026 17:59
1178a091-a6d2-4376-8105-72cf7df0cbd3,charger.design,available,58.49,58.49,high,low,7,namesilo,,,22/09/2026 14:35
b90b5dcf-dc90-476e-b72d-268b64fd23e6,confession.design,available,19.99,,high,low,10,name.com,,,
68dcab13-64ea-489e-b9ab-53d104a84b91,portfolio.design,premium,2000.5,,high,low,9,unstoppable,,,28/09/2026 20:13
1c39f6bf-bef2-4eb7-9cdf-2b6669479565,physician.design,available,58.49,58.49,high,low,9,namesilo,,,24/09/2026 23:20
7a32527f-033c-423b-9f29-d4c56d81c3a3,agnomen.design,available,58.49,58.49,medium,low,7,namesilo,,,17/09/2026 18:44
1a542f3a-b248-4618-ac16-9d8bdf5855e9,recessions.design,available,58.49,58.49,low,low,10,namesilo,,,21/09/2026 06:29
9459a54b-29b1-4bf6-a80b-58d6ec4ba6c4,legislative.design,available,19.99,,high,low,11,name.com,,,
93b6abcd-9630-4749-824b-f1840523391e,parsimony.design,available,3.99,58.49,medium,low,9,namesilo,,,08/09/2026 14:39
972e6f67-a32f-4e9a-82dc-dda806669537,waker.design,available,58.49,58.49,medium,low,5,namesilo,,,20/09/2026 08:31
9ea39de9-8359-4590-bac8-13853dc9cd0b,engage.design,premium,116,116,high,low,6,namesilo,,,
cfa8e7c3-1a85-45ea-bf07-41f65b005228,senegalese.design,available,3.99,58.49,medium,low,10,namesilo,,,10/09/2026 03:43
79288fbc-ffbc-4b58-a3bd-ecd4cc2942f9,forsaking.design,available,58.49,58.49,medium,low,9,namesilo,,,16/09/2026 13:59
f5d4452d-fb09-444e-ae68-76ad4300f2d9,strenuous.design,available,3.99,58.49,medium,low,9,namesilo,,,10/09/2026 21:45
57b06535-594e-435d-a0c3-929c79886d00,shamanism.design,available,58.49,58.49,medium,low,9,namesilo,,,20/09/2026 14:05
334f9a13-9fb7-4661-9230-99e0f330843b,bathrobe.design,available,58.49,58.49,high,low,8,namesilo,,,22/09/2026 13:50
863a2fe1-0028-4d3f-bcec-e9e3b564aec3,roundel.design,available,19.99,80.99,high,low,7,name.com,,,19/09/2026 11:05
02d79e4c-991e-4ad0-9fc4-ccab0354b463,dusts.design,available,58.49,58.49,low,low,5,namesilo,,,21/09/2026 01:44
e9e686cc-481f-49db-a313-7164fc64f076,dotcom.design,premium,65,130,high,low,7,namecheap,,,14/08/2026 16:26
0d7e09a5-e304-4a16-b9c6-dcd4353c89a6,dangerous.design,premium,125,125,medium,low,9,name.com,,,13/08/2026 17:15
a7dc1036-1306-44ad-9520-64409f418ce8,antilog.design,available,58.49,58.49,medium,low,7,namesilo,,,19/09/2026 14:38
bb116828-0f00-4b01-bebc-3f6a3f593220,redoubled.design,available,3.99,58.49,high,medium,9,namesilo,,,09/09/2026 12:22
f0a3d18a-d1d3-47bc-a7ee-a888264308df,paleozoic.design,available,3.99,58.49,medium,low,9,namesilo,,,04/09/2026 23:39
45147566-e58c-4df5-aa0a-5d2ea3ce7a11,bioscience.design,available,12.98,68.98,high,low,10,namecheap,,,23/09/2026 18:59
9680cef1-95df-4428-8c6e-bd2d3a008157,taint.design,available,58.49,58.49,medium,low,5,namesilo,,,24/09/2026 17:39
86749c47-2bde-46d8-a52b-dc82e073c136,blabby.design,available,12.98,68.98,low,low,6,namecheap,,,09/08/2026 21:03
77516ef1-1eee-4617-986c-69cd3eaa9237,furniture.design,premium,2660,2660,high,low,9,namesilo,,,20/09/2026 11:14
caa129e4-dcdb-4224-b736-ec041f58308a,ripping.design,available,3.99,58.49,medium,low,7,namesilo,,,09/09/2026 13:59
af0d14f3-56a5-4de1-8949-3087eaa5d018,universally.design,available,19.99,,high,low,11,name.com,,,
b09d77f8-3952-4f59-af72-cd0ae52c9206,false.design,available,58.49,58.49,high,low,5,namesilo,,,22/09/2026 10:15
edde994b-3b07-4236-886a-d348ac290386,orphaned.design,available,12.98,68.98,medium,low,8,namecheap,,,04/09/2026 18:01
1640435c-2cf8-40cb-a3a0-754b46778393,technique.design,premium,273.44,273.44,high,low,9,porkbun,,,28/09/2026 08:09
c082b32f-f963-43f6-9855-a6fbb13a8b9d,trichrome.design,available,12.98,68.98,medium,low,9,namecheap,,,11/09/2026 19:24
e25a6869-2a0c-4eb6-95af-25787e5e840b,shy.design,resell,19.99,,high,low,3,name.com,,,27/09/2026 21:35
ea364456-386d-4965-b61a-6179e40c780c,drastic.design,available,12.98,68.98,high,low,7,namecheap,,,14/08/2026 18:27
bdecb290-cc94-4045-9a3c-e9f221d22f2f,readers.design,available,2.79,46.78,medium,low,7,spaceship,,,28/09/2026 17:52
52512e47-bf12-4f20-af53-8560fd03b1fe,husband.design,available,19.99,,high,low,7,name.com,,,
5442c04a-b95a-49b5-bf3f-8ec3df857424,antifreeze.design,available,58.49,58.49,medium,low,10,namesilo,,,19/09/2026 14:23
03627f30-050f-45aa-883e-bf61e1dddf08,emulous.design,available,12.98,68.98,medium,low,7,namecheap,,,16/08/2026 21:03
68424cec-dda8-4172-8485-6df6a5b5b32e,fascinate.design,available,58.49,58.49,high,low,9,namesilo,,,25/09/2026 09:56
0ffae0ad-5b3f-4abf-82a5-407038ee2476,inbound.design,resell,,,high,low,7,Dynadot Inc,19/01/2026 22:03,19/01/2027 22:03,26/09/2026 06:49
f5f62194-a1fe-4dd1-a27c-737d5086eb14,polluted.design,available,3.99,58.49,medium,low,8,namesilo,,,08/09/2026 23:08
b98beccd-2aef-4e93-b663-2a70092ff8fb,barycenter.design,available,58.49,58.49,medium,low,10,namesilo,,,22/09/2026 09:39
76ecee0d-e7e6-432f-a6df-9d242f93e1bb,rustle.design,available,3.99,58.49,high,low,6,namesilo,,,13/09/2026 11:37
ec507c97-fd50-435e-9cc9-e3e27ea135ba,cardiac.design,available,12.98,68.98,high,low,7,namecheap,,,11/08/2026 18:53
aa1c180c-a12a-4ef4-90f9-405e2450e8e1,crevice.design,available,12.98,68.98,high,low,7,namecheap,,,13/08/2026 04:16
7cefcb1e-e16e-4cd9-b859-51d23bd6dbac,decided.design,available,12.98,68.98,high,low,7,namecheap,,,13/08/2026 21:20
bd3a51aa-d931-4ca5-8660-aa6bdeffdd7e,archdeacon.design,available,12.98,68.98,medium,low,10,namecheap,,,20/09/2026 01:53